Description,ItemDesc,Qty,Quantity,Unit,Price,Taxes,Labor,Total,costcode,assembly,wbs5,area,areathing,othercol,asef,asdf
"Concrete Footing 12""x24""",,,11,cuyd,85,0,0,935,5-09-120,assembly,wbs5,,,,,
"Concrete Wall 8""",,,25,cuyd,85,0,0,2125,5-09-120,assembly,wbs5,,,,,
"Concrete Slab 4""",,,9,cuyd,85,0,0,765,5-09-120,assembly,wbs5,,,,,
Stone (Weep) ,,,3,cuyd,28.35,0,0,85.05,5-09-120,assembly,wbs5,,,,,
Stone (Slab) ,,,13,cuyd,28.35,0,0,368.55,5-09-120,assembly,wbs5,,,,,
"Slab Expansion Joint 0 1/2""x4""",,,848,feet,0.12,0,0,101.76,5-09-120,assembly,wbs5,,,,,
Rebar (Footings) ,,,277,feet,0.35,0,0,96.95,5-09-120,assembly,wbs5,,,,,
Rebar (Wall) ,,,416,feet,0.35,0,0,145.6,5-09-120,assembly,wbs5,,,,,
"Sill Plate 2""x4""",,,105,feet,0.32,0,0,33.6,5-09-120,assembly,wbs5,,,,,
"Ring Joist (Floor) 2""x10""",,,106,feet,0.61,0,0,64.66,5-09-120,assembly,wbs5,,,,,
"Joist (Floor) 2""x10""x12'0""",,,26,each,7.32,0,0,190.32,5-09-120,assembly,wbs5,,,,,
"Joist (Floor) 2""x10""x2'10""",,,2,each,4.88,0,0,9.76,5-09-120,assembly,wbs5,,,,,
"Joist (Floor) 2""x10""x14'0""",,,13,each,8.54,0,0,111.02,5-09-120,assembly,wbs5,,,,,
"Joist (Floor) 2""x10""x3'3""",,,4,each,4.88,0,0,19.52,5-09-120,assembly,wbs5,,,,,
"Floor Sheathing 0 5/8""x4'0""x8'0""",,,17,shts,17.95,0,0,305.15,5-09-120,assembly,wbs5,,,,,
"Sill Gasket 3 1/2""",,,105,feet,0.06,0,0,6.3,5-09-120,assembly,wbs5,,,,,
Double Joist Hanger ,,,6,each,0.85,0,0,5.1,5-09-120,assembly,wbs5,,,,,
"Cross Bridging 14 1/2""x9 1/2""",,,27,each,0.24,0,0,6.48,5-09-120,assembly,wbs5,,,,,
"Blocking 2""x10""x96""",,,1,each,4.88,0,0,4.88,5-09-120,assembly,wbs5,,,,,
"2x4 Precut (B) 2""x4""x92 5/8""",,,143,each,1.9,0,0,271.7,,assembly,wbs5,,,,,
"2x4 Precut (B) 2""x5""x92 5/8""",,,2,each,1.9,0,0,3.8,,assembly,wbs5,,,,,
"2x6 Precut (B) 2""x6""x92 5/8""",,,9,each,2.75,0,0,24.75,,assembly,wbs5,,,,,
"Wall Stud 2""x4""x45""",,,4,each,2,0,0,8,,assembly,wbs5,,,,,
"Wall Stud 2""x4""x39""",,,6,each,2,0,0,12,,assembly,wbs5,,,,,
"Wall Stud 2""x4""x120""",,,29,each,2.5,0,0,72.5,,assembly,wbs5,,,,,
"Wall Stud 2""x4""x14""",,,7,each,2,0,0,14,,assembly,wbs5,,,,,
"Wall Stud 2""x4""x21""",,,5,each,2,0,0,10,,assembly,wbs5,,,,,
"Wall Stud 2""x2""x96""",,,1,each,0.96,0,0,0.96,edcba,assembly,wbs5,,,,,
"Wall Stud 2""x4""x56""",,,3,each,2,0,0,6,edcba,assembly,wbs5,,,,,
"Jack Stud 2""x4""x96""",,,34,each,2,0,0,68,edcba,assembly,wbs5,,,,,
"Gable Framing Studs 2""x4""x3'0""",,,4,each,2,0,0,8,edcba,assembly,wbs5,,,,,
"Opening Header 2""x10""x3'3""",,,6,each,4.88,0,0,29.28,edcba,assembly,wbs5,,,,,
"Opening Header 2""x10""x2'3""",,,2,each,4.88,0,0,9.76,edcba,assembly,wbs5,,,,,
"Opening Header 2""x10""x10'0""",,,2,each,6.1,0,0,12.2,edcba,assembly,wbs5,,,,,
"Opening Header 2""x10""x8'0""",,,2,each,4.88,0,0,9.76,edcba,assembly,wbs5,,,,,
"Opening Header 2""x10""x3'2""",,,4,each,4.88,0,0,19.52,edcba,assembly,wbs5,,,,,
"Opening Header 2""x8""x3'2""",,,2,each,3.84,0,0,7.68,edcba,assembly,wbs5,,,,,
"Opening Header 2""x8""x3'3""",,,2,each,3.84,0,0,7.68,edcba,assembly,wbs5,,,,,
"Opening Header 2""x8""x2'11""",,,6,each,3.84,0,0,23.04,edcba,assembly,wbs5,,,,,
"Opening Header 2""x8""x2'9""",,,2,each,3.84,0,0,7.68,edcba,assembly,wbs5,,,,,
"Opening Header 2""x8""x2'5""",,,2,each,3.84,0,0,7.68,edcba,assembly,wbs5,,,,,
"Opening Header 2""x8""x5'3""",,,2,each,3.84,0,0,7.68,edcba,assembly,wbs5,,,,,
"Opening Header 2""x10""x3'9""",,,2,each,4.88,0,0,9.76,edcba,assembly,wbs5,,,,,
"Opening Rough Sill 2""x4""x3'0""",,,3,each,2,0,0,6,edcba,assembly,wbs5,,,,,
"Opening Rough Sill 2""x4""x2'0""",,,1,each,2,0,0,2,edcba,assembly,wbs5,,,,,
"Opening Rough Sill 2""x4""x6'0""",,,1,each,2,0,0,2,edcba,assembly,wbs5,,,,,
"Opening Rough Sill 2""x4""x3'6""",,,1,each,2,0,0,2,edcba,assembly,wbs5,,,,,
"Wall Plate 2""x4""",,,612,feet,0.25,0,0,153,edcba,assembly,wbs5,,,,,
"Gable Framing Plates 2""x4""",,,26,feet,0.25,0,0,6.5,edcba,assembly,wbs5,,,,,
"Wall Sheathing 0 1/2""x4'0""x8'0""",,,33,shts,12.5,0,0,412.5,edcba,assembly,wbs5,,,,,
"Common Rafter 2""x6""x10'0""",,,8,each,3.6,0,0,28.8,edcba,assembly,wbs5,,,,,
"Fascia Board 2""x6""",,,28,feet,0.36,0,0,10.08,edcba,assembly,wbs5,,,,,
"Ridge Board 2""x8""",,,6,feet,0.48,0,0,2.88,edcba,assembly,wbs5,,,,,
"Gable Ladder Set 8'8""x1'6""",,,2,each,3.81,0,0,7.62,edcba,assembly,wbs5,,,,,
"Joist (Ceiling) 2""x6""x14'0""",,,3,each,5.04,0,0,15.12,edcba,assembly,wbs5,,,,,
"Roof Sheathing 0 3/4""x4'0""x8'0""",,,3,shts,9.5,0,0,28.5,edcba,assembly,wbs5,,,,,
Shingles ,,,3,bndl,12.5,0,0,37.5,edcba,assembly,wbs5,,,,,
Ridge Shingles ,,,6,feet,0.78,0,0,4.68,edcba,assembly,wbs5,,,,,
"R-12 Wall Insulation 3 1/2""",,,700,sqft,0.2,0,0,140,edcba,assembly,wbs5,,,,,
Vapor Barrier (Wall) ,,,917,sqft,0.05,0,0,45.85,edcba,assembly,wbs5,,,,,
Air Retarder ,,,1038,sqft,0.15,0,0,155.7,edcba,assembly,wbs5,,,,,
"Drywall 0 1/2""",,,2369,sqft,0.18,0,0,426.42,edcba,assembly,wbs5,,,,,
"Ceiling Board 0 5/8""",,,634,sqft,0.24,0,0,152.16,edcba,assembly,wbs5,,,,,
Drywall Compound ,,,144,lbs,0.2,0,0,28.8,edcba,assembly,wbs5,,,,,
Drywall Screws ,,,1,ctn,42.9,0,0,42.9,edcba,assembly,wbs5,,,,,
Drywall Tape ,,,5,roll,3.99,0,0,19.95,edcba,assembly,wbs5,,,,,
Corner Bead ,,,97,feet,0.18,0,0,17.46,edcba,assembly,wbs5,,,,,
"Ring Joist (Floor) 2""x10""",,,109,feet,0.61,0,0,66.49,edcba,assembly,wbs5,,,,,
"Joist (Floor) 2""x10""x12'0""",,,22,each,7.32,0,0,161.04,edcba,assembly,wbs5,,,,,
"Joist (Floor) 2""x10""x14'0""",,,23,each,8.54,0,0,196.42,edcba,assembly,wbs5,,,,,
"Joist (Floor) 2""x10""x3'4""",,,3,each,4.88,0,0,14.64,edcba,assembly,wbs5,,,,,
"Floor Sheathing 0 5/8""x4'0""x8'0""",,,23,shts,17.95,0,0,412.85,edcba,assembly,wbs5,,,,,
Double Joist Hanger ,,,5,each,0.85,0,0,4.25,edcba,assembly,wbs5,,,,,
"Cross Bridging 14 1/2""x9 1/2""",,,38,each,0.24,0,0,9.12,edcba,assembly,wbs5,,,,,
"Blocking 2""x10""x96""",,,1,each,4.88,0,0,4.88,edcba,assembly,wbs5,,,,,
"2x4 Precut (B) 2""x4""x92 5/8""",,,201,each,1.9,0,0,381.9,edcba,assembly,wbs5,,,,,
"2x6 Precut (B) 2""x6""x92 5/8""",,,15,each,2.75,0,0,41.25,edcba,assembly,wbs5,,,,,
"Wall Stud 2""x4""x45""",,,11,each,2,0,0,22,edcba,assembly,wbs5,,,,,
"Wall Stud 2""x4""x21""",,,4,each,2,0,0,8,edcba,assembly,wbs5,,,,,
"Jack Stud 2""x4""x96""",,,32,each,2,0,0,64,edcba,assembly,wbs5,,,,,
"Opening Header 2""x10""x4'3""",,,4,each,4.88,0,0,19.52,edcba,assembly,wbs5,,,,,
"Opening Header 2""x10""x2'3""",,,6,each,4.88,0,0,29.28,edcba,assembly,wbs5,,,,,
"Opening Header 2""x10""x8'0""",,,2,each,4.88,0,0,9.76,edcba,assembly,wbs5,,,,,
"Opening Header 2""x8""x2'11""",,,8,each,3.84,0,0,30.72,edcba,assembly,wbs5,,,,,
"Opening Header 2""x8""x2'9""",,,2,each,3.84,0,0,7.68,edcba,assembly,wbs5,,,,,
"Opening Header 2""x8""x2'5""",,,2,each,3.84,0,0,7.68,edcba,assembly,wbs5,,,,,
"Opening Header 2""x8""x5'3""",,,8,each,3.84,0,0,30.72,edcba,assembly,wbs5,,,,,
"Opening Rough Sill 2""x4""x4'0""",,,2,each,2,0,0,4,edcba,assembly,wbs5,,,,,
"Opening Rough Sill 2""x4""x2'0""",,,3,each,2,0,0,6,edcba,assembly,wbs5,,,,,
"Opening Rough Sill 2""x4""x6'0""",,,1,each,2,0,0,2,edcba,assembly,wbs5,,,,,
"Wall Plate 2""x4""",,,676,feet,0.25,0,0,169,edcba,assembly,wbs5,,,,,
"Wall Sheathing 0 1/2""x4'0""x8'0""",,,31,shts,12.5,0,0,387.5,edcba,assembly,wbs5,,,,,
"Common Rafter 2""x6""x1'6""",,,6,each,2.88,0,0,17.28,edcba,assembly,wbs5,,,,,
"Common Rafter 2""x6""x3'0""",,,6,each,2.88,0,0,17.28,edcba,assembly,wbs5,,,,,
"Common Rafter 2""x6""x4'6""",,,6,each,2.88,0,0,17.28,edcba,assembly,wbs5,,,,,
"Common Rafter 2""x6""x6'0""",,,6,each,2.88,0,0,17.28,edcba,assembly,wbs5,,,,,
"Common Rafter 2""x6""x8'0""",,,8,each,2.88,0,0,23.04,edcba,assembly,wbs5,,,,,
"Common Rafter 2""x6""x10'0""",,,8,each,3.6,0,0,28.8,edcba,assembly,wbs5,,,,,
"Common Rafter 2""x6""x12'0""",,,16,each,4.32,0,0,69.12,edcba,assembly,wbs5,,,,,
"Common Rafter 2""x6""x14'0""",,,8,each,5.04,0,0,40.32,edcba,assembly,wbs5,,,,,
"Common Rafter 2""x6""x16'0""",,,14,each,5.76,0,0,80.64,edcba,assembly,wbs5,,,,,
"Common Rafter 2""x6""x5'10""",,,2,each,2.88,0,0,5.76,edcba,assembly,wbs5,,,,,
"Common Rafter 2""x6""x4'4""",,,2,each,2.88,0,0,5.76,edcba,assembly,wbs5,,,,,
"Common Rafter 2""x6""x2'10""",,,2,each,2.88,0,0,5.76,edcba,assembly,wbs5,,,,,
"Common Rafter 2""x6""x1'4""",,,2,each,2.88,0,0,5.76,edcba,assembly,wbs5,,,,,
"Fascia Board 2""x6""",,,121,feet,0.36,0,0,43.56,edcba,assembly,wbs5,,,,,
"Hip Rafter 2""x8""x20'0""",,,4,each,11.2,0,0,44.8,edcba,assembly,wbs5,,,,,
"Ridge Board 2""x8""",,,7,feet,0.48,0,0,3.36,edcba,assembly,wbs5,,,,,
"Joist (Ceiling) 2""x6""x14'0""",,,22,each,5.04,0,0,110.88,edcba,assembly,wbs5,,,,,
"Joist (Ceiling) 2""x6""x12'0""",,,22,each,4.32,0,0,95.04,edcba,assembly,wbs5,,,,,
"Roof Sheathing 0 3/4""x4'0""x8'0""",,,32,shts,9.5,0,0,304,edcba,assembly,wbs5,,,,,
Shingles ,,,32,bndl,12.5,0,0,400,edcba,assembly,wbs5,,,,,
Ridge Shingles ,,,88,feet,0.78,0,0,68.64,edcba,assembly,wbs5,,,,,
"R-12 Wall Insulation 3 1/2""",,,737,sqft,0.2,0,0,147.4,edcba,assembly,wbs5,,,,,
Vapor Barrier (Wall) ,,,851,sqft,0.05,0,0,42.55,edcba,assembly,wbs5,,,,,
Air Retarder ,,,964,sqft,0.15,0,0,144.6,edcba,assembly,wbs5,,,,,
"Drywall 0 1/2""",,,2721,sqft,0.18,0,0,489.78,edcba,assembly,wbs5,,,,,
"Ceiling Board 0 5/8""",,,649,sqft,0.24,0,0,155.76,edcba,assembly,,,,,,
Drywall Compound ,,,162,lbs,0.2,0,0,32.4,edcba,assembly,,,,,,
Drywall Screws ,,,1,ctn,42.9,0,0,42.9,edcba,assembly,,,,,,
Drywall Tape ,,,5,roll,3.99,0,0,19.95,edcba,assembly,,,,,,
Corner Bead ,,,192,feet,0.18,0,0,34.56,edcba,assembly,,,,,,
Anchor Bolt ,,,24,each,0.35,0,0,8.4,edcba,assembly,,,,,,
Weep Tile ,,,149,feet,0.55,0,0,81.95,edcba,assembly,,,,,,
Dampproof/Waterproofing ,,,1022,sqft,0,0,0,0,edcba,assembly,,,,,,
"Steel I-Beam 5""x5 1/2""x17'4""",,,1,each,193.79,0,0,193.79,edcba,assembly,,,,,,
"Stair 3'0""x9'0""x8'7 5/8""",,,1,each,715,0,0,715,edcba,assembly,,,,,,
"Built-Up Beam 2""x8""x14'0""",,,3,each,6.72,0,0,20.16,edcba,assembly,,,,,,
"Stair 3'0""x10""x1'3 5/8""",,,1,each,110,0,0,110,edcba,assembly,,,,,,
"Stair 3'4""x9'0""x8'10 1/8""",,,1,each,715,0,0,715,edcba,assembly,,,,,,
Gutter ,,,11,feet,1.1,0,0,12.1,edcba,assembly,,,,,,
Downspout ,,,1,each,12.5,0,0,12.5,edcba,assembly,,,,,,
Soffit ,,,197,sqft,1.95,0,0,384.15,edcba,assembly,,,,,,
Roofing Felt ,,,3,rolls,90,0,0,270,edcba,assembly,,,,,,
Brick ,,,867,sqft,2.7,0,0,2340.9,edcba,assembly,,,,,,
"Brick Header 3 1/2""x7'0""",,,1,each,20.3,0,0,20.3,edcba,assembly,,,,,,
"Brick Header 3 1/2""x3'6""",,,3,each,10.15,0,0,30.45,edcba,assembly,,,,,,
"Brick Header 3 1/2""x4'0""",,,1,each,11.6,0,0,11.6,edcba,assembly,,,,,,
"Brick Header 3 1/2""x10'0""",,,1,each,29,0,0,29,edcba,assembly,,,,,,
"Brick Header 3 1/2""x3'2""",,,2,each,9.18,0,0,18.36,edcba,assembly,,,,,,
"Brick Header 3 1/2""x2'6""",,,1,each,7.25,0,0,7.25,edcba,assembly,,,,,,
Brick Mortar ,,,76,cuft,2.8,0,0,212.8,edcba,assembly,,,,,,
"Cast Sill 2""x5 1/2""x6'5 1/2""",,,1,each,3.95,0,0,3.95,edcba,assembly,,,,,,
"Cast Sill 2""x5 1/2""x3'5 1/2""",,,3,each,3.95,0,0,11.85,edcba,assembly,,,,,,
"Cast Sill 2""x5 1/2""x3'11 1/2""",,,1,each,3.95,0,0,3.95,edcba,assembly,,,,,,
"Cast Sill 2""x5 1/2""x3'1 1/2""",,,2,each,3.95,0,0,7.9,edcba,assembly,,,,,,
"Cast Sill 2""x5 1/2""x2'5 1/2""",,,1,each,3.95,0,0,3.95,edcba,assembly,,,,,,
Brick Ties ,,,1,ctn,12.7,0,0,12.7,edcba,assembly,,,,,,
"36x24 slider 3'0""x2'0""",,,3,each,0,0,0,0,edcba,assembly,,,,,,
"72x60 casement 2 6'0""x5'0""",,,2,each,0,0,0,0,edcba,assembly,,,,,,
"36x36 slider 3'0""x3'0""",,,1,each,0,0,0,0,edcba,assembly,,,,,,
"36x42 casement 2 3'0""x3'6""",,,2,each,0,0,0,0,edcba,assembly,,,,,,
"42x36 casement 2 3'6""x3'0""",,,1,each,0,0,0,0,edcba,assembly,,,,,,
"24x36 casement 1 2'0""x3'0""",,,4,each,0,0,0,0,edcba,assembly,,,,,,
"48x36 casement 2 4'0""x3'0""",,,2,each,0,0,0,0,edcba,assembly,,,,,,
"32x80 colonial a 1 2'8""x6'8""",,,3,each,0,0,0,0,edcba,assembly,,,,,,
"30x80 colonial a 1 2'6""x6'8""",,,7,each,0,0,0,0,edcba,assembly,,,,,,
"24x80 colonial a 1 2'0""x6'8""",,,2,each,0,0,0,0,edcba,assembly,,,,,,
"28x80 colonial a 1 2'4""x6'8""",,,1,each,0,0,0,0,edcba,assembly,,,,,,
"60x80 bifold colonial 2 5'0""x6'8""",,,5,each,0,0,0,0,edcba,assembly,,,,,,
"2 panel 9'0""x7'0""",,,1,each,0,0,0,0,edcba,assembly,,,,,,
Brick Molding ,,,122,feet,0.25,0,0,30.5,edcba,assembly,,,,,,
Entrance Hardware ,,,2,each,29.5,0,0,59,edcba,assembly,,,,,,
Garage Door Opener ,,,1,each,0,0,0,0,edcba,assembly,,,,,,
Shims ,,,4,bund,7.25,0,0,29,edcba,assembly,,,,,,
Passage Hardware ,,,11,each,14.75,0,0,162.25,edcba,assembly,,,,,,
Bifold Hardware ,,,10,each,7.95,0,0,79.5,edcba,assembly,,,,,,
Siding ,,,917,sqft,1.95,0,0,1788.15,edcba,assembly,,,,,,
Siding Starter ,,,110,feet,0.16,0,0,17.6,edcba,assembly,,,,,,
Siding J-Molding ,,,60,feet,0.16,0,0,9.6,edcba,assembly,,,,,,
Siding Dripcap ,,,20,feet,0.18,0,0,3.6,edcba,assembly,,,,,,
Outside Siding Corner ,,,36,feet,1,0,0,36,edcba,assembly,,,,,,
"Garage Door Frame 2""x6""",,,23,feet,0.36,0,0,8.28,edcba,assembly,,,,,,
"Window Trim 6""",,,104,feet,1.2,0,0,124.8,edcba,assembly,,,,,,
Vinyl ,,,9,sqyd,10.5,0,0,94.5,edcba,assembly,,,,,,
"Subfloor (Vinyl) 4'0""x4'0""",,,5,shts,6.25,0,0,31.25,edcba,assembly,,,,,,
Carpeting ,,,76,sqyd,19.5,0,0,1482,edcba,assembly,,,,,,
Carpeting Underpad ,,,76,sqyd,2.95,0,0,224.2,edcba,assembly,,,,,,
Hardwood Flooring ,,,170,sqft,5.75,0,0,977.5,edcba,assembly,,,,,,
"Door Casing 4""",,,411,feet,0.5,0,0,205.5,edcba,assembly,,,,,,
"Window Casing 4""",,,183,feet,0.5,0,0,91.5,edcba,assembly,,,,,,
"Baseboard 3 1/2""",,,280,feet,0.75,0,0,210,edcba,assembly,,,,,,
"Door Jamb & Stop 2'8""x6'8""",,,3,set,40,0,0,120,edcba,assembly,,,,,,
"Door Jamb & Stop 2'6""x6'8""",,,7,set,40,0,0,280,edcba,assembly,,,,,,
"Door Jamb & Stop 2'0""x6'8""",,,2,set,40,0,0,80,edcba,assembly,,,,,,
"Door Jamb & Stop 2'4""x6'8""",,,1,set,40,0,0,40,edcba,assembly,,,,,,
"Double Bifold Jamb 5'0""x6'8""",,,5,set,55,0,0,275,edcba,assembly,,,,,,
Ceramic Tile ,,,66,sqft,2.45,0,0,161.7,edcba,assembly,,,,,,
"B12D 1'0""x2'0""x2'10 1/2""",,,1,each,0,0,0,0,edcba,assembly,,,,,,
"DB18 1'6""x2'0""x2'10 1/2""",,,1,each,0,0,0,0,edcba,assembly,,,,,,
"BSC36 3'0""x2'0""x2'10 1/2""",,,2,each,0,0,0,0,edcba,assembly,,,,,,
"B42D 3'6""x2'0""x2'10 1/2""",,,1,each,0,0,0,0,edcba,assembly,,,,,,
"W1236 1'0""x1'0""x3'0""",,,5,each,0,0,0,0,edcba,assembly,,,,,,
"WC2436 2'0""x1'0""x3'0""",,,2,each,0,0,0,0,edcba,assembly,,,,,,
"W3024 2'6""x1'0""x2'0""",,,1,each,0,0,0,0,edcba,assembly,,,,,,
"W1836 1'6""x1'0""x3'0""",,,1,each,0,0,0,0,edcba,assembly,,,,,,
"V12D 1'0""x1'9""x2'5 1/2""",,,4,each,0,0,0,0,edcba,assembly,,,,,,
"V24D 2'0""x1'9""x2'5 1/2""",,,2,each,0,0,0,0,edcba,assembly,,,,,,
"Counter Top (Vanity) 22""",,,100,in,1.25,0,0,125,edcba,assembly,,,,,,
"Counter Top 25""",,,217,in,1.25,0,0,271.25,edcba,assembly,,,,,,
"range electric 2'6""x2'4 1/2""x3'4""",,,1,each,0,0,0,0,edcba,,,,,,,
"refrigerator 2'6""x2'1""x5'0 11/16""",,,1,each,0,0,0,0,edcba,,,,,,,
"dryer 2'4""x2'2""x3'6""",,,1,each,0,0,0,0,edcba,,,,,,,
"washer 2'2""x2'2""x3'6""",,,1,each,0,0,0,0,edcba,,,,,,,
"bath tub right & faucet 5'0""x2'7 1/2""x4'7""",,,2,each,0,0,0,0,edcba,,,,,,,
"toilet 1 1'9 1/2""x2'4 3/8""x2'7""",,,2,each,0,0,0,0,edcba,,,,,,,
"basin oval 1'8 1/4""x1'5 1/2""x6 3/4""",,,2,each,0,0,0,0,edcba,,,,,,,
"sink double 1 2'9""x1'10""x9 1/4""",,,1,each,0,0,0,0,edcba,,,,,,,
"laundry tub double 4'0""x1'9""x3'1 5/8""",,,1,each,0,0,0,0,edcba,,,,,,,
"switch 3 5/8""x10""",,,1,each,0,0,0,0,edcba,,,,,,,
"light 1'0 1/8""x1'0 1/8""",,,17,each,0,0,0,0,edcba,,,,,,,
"smoke detector 6""x6""x0 27/32""",,,1,each,0,0,0,0,edcba,,,,,,,
Smoke Alarm ,,,3,each,18.95,0,0,56.85,edcba,,,,,,,
"switch 4""x10""",,,13,each,0,0,0,0,edcba,,,,,,,
"switch 3 way 5 29/32""x10""",,,2,each,0,0,0,0,edcba,,,,,,,
"outlet 6 1/2""x10 1/4""",,,20,each,0,0,0,0,edcba,,,,,,,
"outlet gfi 11 3/4""x10 1/4""",,,2,each,0,0,0,0,edcba,,,,,,,
"outlet 220v 6 1/2""x10 1/4""",,,1,each,0,0,0,0,edcba,,,,,,,
"split receptacle 6 5/8""x10 1/4""",,,2,each,0,0,0,0,edcba,,,,,,,
Paint (Wall) ,,,12,gal,24.95,0,0,299.4,edcba,,,,,,,
Paint (Ceiling) ,,,5,gal,22.95,0,0,114.75,edcba,,,,,,,
