Plan Name,Plan Number,Series,Base Price,Basement SQF,First SQF,Second SQF,Heated SQF,Total SQF,Style,Stories,Bedrooms,Bathrooms,Garage,Description,Sales House Name
APPLEGATE,2146,Ranch,250990.00,0,0,0,0,2146,Single Family,0,3,2.5,,,APPLEGATE
CANNONGATE,2047,2-Story,0.00,0,0,0,0,2047,Single Family,0,3,2.5,,,CANNONGATE
Test,Test,1,0.00,0,0,0,0,0,Single Family,0,0,0,,,Test
1463-4150-AVERI-BR,1463-4150-AVERI-1BR,1,202990.00,0,0,0,0,1463,Single Family,0,3,2,,AVERI BASEMENT,1463-4150-AVERI-BR
1463-4150-AVERI-BR,1463-4150-AVERI-2BR,2,197990.00,0,0,0,0,1463,Single Family,0,3,2,,AVERI BASEMENT,1463-4150-AVERI-2BR
1463-4150-AVERI-BR,1463-4150-AVERI-3BR,3,0.00,0,0,0,0,1463,Single Family,0,3,2,,AVERI BASEMENT,1463-4150-AVERI-3BR
1463-4150-AVERI-SR,1463-4150-AVERI-2SR,2,157990.00,0,0,0,0,1463,Single Family,0,3,2,,AVERI SLAB,1463-4150-AVERI-2SR
1463-4150-AVERI-SR,1463-4150-AVERI-3SR,3,0.00,0,0,0,0,1463,Single Family,0,3,2,,AVERI SLAB,1463-4150-AVERI-3SR
1463-4150-AVERI-SR,1463-4150-AVERI-1SR,1,162990.00,0,0,0,0,1463,Single Family,0,3,2,,AVERI SLAB,1463-4150-AVERI-SR
1853-4034-EMORY-BR,1853-4034-EMORY-2BR,2,220990.00,0,0,0,0,1853,Single Family,0,3,2.5,,EMORY BASEMENT,1853-4034-EMORY-2BR
1853-4034-EMORY-BR,1853-4034-EMORY-3BR,3,0.00,0,0,0,0,1853,Single Family,0,3,2.5,,EMORY BASEMENT,1853-4034-EMORY-3BR
1853-4034-EMORY-BR,1853-4034-EMORY-1BR,1,225990.00,0,0,0,0,1853,Single Family,0,3,2.5,,EMORY BASEMENT,1853-4034-EMORY-BR
1853-4034-EMORY-SR,1853-4034-EMORY-1SR,1,185990.00,0,0,0,0,1853,Multi Family,0,3,2.5,,EMORY SLAB,1853-4034-EMORY-SR
1853-4034-EMORY-SR,1853-4034-EMORY-2SR,2,180990.00,0,0,0,0,1853,Single Family,0,3,2.5,,EMORY SLAB,1853-4034-EMORY-2SR
1853-4034-EMORY-SR,1853-4034-EMORY-3SR,3,0.00,0,0,0,0,1853,Single Family,0,3,2.5,,EMORY SLAB,1853-4034-EMORY-3SR
2044-XXXX-TOWNS-BR,2044-XXXX-TOWNS-1BR,1,0.00,0,0,0,0,0,,0,0,0,,,Townsend
2044-XXXX-TOWNS-BR,2044-XXXX-TOWNS-2BR,2,0.00,0,0,0,0,0,,0,0,0,,,Townsend
2044-XXXX-TOWNS-BR,2044-XXXX-TOWNS-3BR,3,0.00,0,0,0,0,0,,0,0,0,,,Townsend
2044-XXXX-TOWNS-CR,2044-XXXX-TOWNS-1CR,1,0.00,0,0,0,0,0,,0,0,0,,,Townsend
2044-XXXX-TOWNS-CR,2044-XXXX-TOWNS-2CR,2,0.00,0,0,0,0,0,,0,0,0,,,Townsend
2044-XXXX-TOWNS-CR,2044-XXXX-TOWNS-3CR,3,0.00,0,0,0,0,0,,0,0,0,,,Townsend
2044-XXXX-TOWNS-SR,2044-XXXX-TOWNS-1SR,1,0.00,0,0,0,0,0,,0,0,0,,,Townsend
2044-XXXX-TOWNS-SR,2044-XXXX-TOWNS-2SR,2,0.00,0,0,0,0,0,,0,0,0,,,Townsend
2044-XXXX-TOWNS-SR,2044-XXXX-TOWNS-3SR,3,0.00,0,0,0,0,0,,0,0,0,,,Townsend
2443-5763-SHOAL-BR,2443-5763-SHOAL-1BR,1,263990.00,0,0,0,0,2443,Single Family,0,0,0,,SHOAL CREEK BASEMENT,2443-5763-SHOAL-BR
2443-5763-SHOAL-BR,2443-5763-SHOAL-2BR,2,275990.00,0,0,0,0,2443,Single Family,0,0,0,,SHOAL CREEK BASEMENT,2443-5763-SHOAL-2BR
2443-5763-SHOAL-BR,2443-5763-SHOAL-3BR,3,379990.00,0,0,0,0,2443,Single Family,0,4,3,,SHOAL CREEK BASEMENT,2443-5763-SHOAL-3BR
2443-5763-SHOAL-SR,2443-5763-SHOAL-2SR,2,351990.00,0,0,0,0,2443,Single Family,0,0,0,,SHOAL CREEK SLAB,2443-5763-SHOAL-2SR
2443-5763-SHOAL-SR,2443-5763-SHOAL-3SR,3,339990.00,0,0,0,0,2443,Single Family,0,4,3,,SHOAL CREEK SLAB,2443-5763-SHOAL-3SR
2443-5763-SHOAL-SR,2443-5763-SHOAL-1SR,1,218990.00,0,0,0,0,2443,Single Family,0,4,3,,SHOAL CREEK SLAB,2443-5763-SHOAL-SR
2711-5461-ALDER-BR,2711-5461-ALDER-2BR,2,293990.00,0,0,0,0,2711,Single Family,0,4,3,,ALDERGATE BASEMENT,2711-5461-ALDER-2BR
2711-5461-ALDER-BR,2711-5461-ALDER-3BR,3,0.00,0,0,0,0,2711,Single Family,0,4,3,,ALDERGATE BASEMENT,2711-5461-ALDER-3BR
2711-5461-ALDER-BR,2711-5461-ALDER-1BR,1,281990.00,0,0,0,0,2711,Single Family,0,4,3,,ALDERGATE BASEMENT,2711-5461-ALDER-BR
2711-5461-ALDER-SR,2711-5461-ALDER-1SR,1,236990.00,0,0,0,0,2711,Single Family,0,4,3,,ALDERGATE SLAB,2711-5461-ALDER-SR
2711-5461-ALDER-SR,2711-5461-ALDER-2SR,2,248990.00,0,0,0,0,2711,Single Family,0,4,3,,ALDERGATE SLAB,2711-5461-ALDER-2SR
2711-5461-ALDER-SR,2711-5461-ALDER-3SR,3,0.00,0,0,0,0,2711,Single Family,0,4,3,,ALDERGATE SLAB,2711-5461-ALDER-3SR
2809-5555-TRENT-BR,2809-5555-TRENT-2BR,2,301990.00,0,0,0,0,2809,Single Family,0,4,4,,TRENTON BASEMENT,2809-5555-TRENT-2BR
2809-5555-TRENT-BR,2809-5555-TRENT-3BR,3,0.00,0,0,0,0,2809,Single Family,0,4,4,,TRENTON BASEMENT,2809-5555-TRENT-3BR
2809-5555-TRENT-BR,2809-5555-TRENT-1BR,1,289990.00,0,0,0,0,2809,Single Family,0,4,4,,TRENTON BASEMENT,2809-5555-TRENT-BR
2809-5555-TRENT-SR,2809-5555-TRENT-1SR,1,244990.00,0,0,0,0,2809,Single Family,0,4,4,,TRENTON SLAB,2809-5555-TRENT-SR
2809-5555-TRENT-SR,2809-5555-TRENT-2SR,2,301990.00,0,0,0,0,2809,Single Family,0,4,4,,TRENTON SLAB,2809-5555-TRENT-2SR
2809-5555-TRENT-SR,2809-5555-TRENT-3SR,3,0.00,0,0,0,0,2809,Single Family,0,4,4,,TRENTON SLAB,2809-5555-TRENT-3SR
3760-5255-MASON-2BL,3760-5255-MASON-2BL,2,331990.00,0,0,0,0,3760,Single Family,0,,4.5,,MASON BASEMENT,3760-5255-MASON-2BL
3760-5255-MASON-3BL,3760-5255-MASON-3BL,3,0.00,0,0,0,0,3760,Single Family,0,,4.5,,MASON BASEMENT,3760-5255-MASON-3BL
3760-5255-MASON-BL,3760-5255-MASON-1BL,1,339990.00,0,0,0,0,3760,Single Family,0,,4.5,,MASON BASEMENT,3760-5255-MASON-BL
3760-5255-MASON-SL,3760-5255-MASON-1SL,1,294990.00,0,0,0,0,3760,Single Family,0,,4.5,,MASON SLAB,3760-5255-MASON-SL
3760-5255-MASON-SL,3760-5255-MASON-2SL,2,291990.00,0,0,0,0,3760,Single Family,0,0,4.5,,MASON SLAB,3760-5255-MASON-2SL
3760-5255-MASON-SL,3760-5255-MASON-3SL,3,0.00,0,0,0,0,3760,Single Family,0,0,4.5,,MASON SLAB,3760-5255-MASON-3SL
3166-4953-BELMON2-BL,3166-4953-BELMON2-3B,3,0.00,0,0,0,0,3166,Single Family,0,5,3,,BELMONT 2-STORY BASEMENT,3166-4953-BELMON2-BL
3166-4953-BELMON2-SL,3166-4953-BELMON2-3S,3,0.00,0,0,0,0,3166,Single Family,0,5,3,,BELMONT 2-STORY SLAB,3166-4953-BELMON2-SL
3720-4953-BELMON3-BL,3720-4953-BELMON3-3B,3,0.00,0,0,0,0,3720,Single Family,0,,4,,BELMONT 3-STORY BASEMENT,3720-4953-BELMON3-BL
3720-4953-BELMON3-SL,3720-4953-BELMON3-3S,3,0.00,0,0,0,0,3720,Single Family,0,,4,,BELMONT 3-STORY SLAB,3720-4953-BELMON3-SL
4184-5054-SIDNEY3-BR,4184-5054-SIDNEY3-2B,2,333990.00,0,0,0,0,4184,Single Family,0,0,0,,SIDNEY 3-STORY BASEMENT,4184-5054-SIDNEY3-2BR
4184-5054-SIDNEY3-BR,4184-5054-SIDNEY3-3B,3,394990.00,0,0,0,0,4184,Single Family,0,0,0,,SIDNEY 3-STORY BASEMENT,4184-5054-SIDNEY3-3BR
4184-5054-SIDNEY3-BR,4184-5054-SIDNEY3-1B,1,349990.00,0,0,0,0,4184,Single Family,0,,,,SIDNEY 3-STORY BASEMENT,4184-5054-SIDNEY3-BR
4184-5054-SIDNEY3-SR,4184-5054-SIDNEY3-1S,1,304990.00,0,0,0,0,4184,Single Family,0,,,,SIDNEY 3-STORY SLAB,4184-5054-SIDNEY3-SR
4184-5054-SIDNEY3-SR,4184-5054-SIDNEY3-2S,2,309990.00,0,0,0,0,4184,Single Family,0,0,0,,SIDNEY 3-STORY SLAB,4184-5054-SIDNEY3-2SR
4184-5054-SIDNEY3-SR,4184-5054-SIDNEY3-3S,3,339990.00,0,0,0,0,4184,Single Family,0,0,0,,SIDNEY 3-STORY SLAB,4184-5054-SIDNEY3-3SR
1420-1953-ETONA2-BR,1420-1953-ETONA2-2BR,2,489990.00,0,0,0,0,1468,Single Family,0,2,2.5,,ETON A2 TOWNHOME INTERIOR UNIT,1420-1953-ETONA2-BR
1468-2152-ETONA1-BR,1468-2152-ETONA1-2BR,2,489990.00,0,0,0,0,1468,Single Family,0,2,2.5,,ETON A1 TOWNHOME END UNIT,1468-2152-ETONA1-BR
1620-4350-CARMEN-BR,1620-4350-CARMEN-3BR,3,0.00,0,0,0,0,1620,Single Family,0,3,2,,CARMEN BASEMENT,1620-4350-CARMEN-BR
1620-4350-CARMEN-SR,1620-4350-CARMEN-3SR,3,0.00,0,0,0,0,1620,Single Family,0,3,2,,CARMEN SLAB,1620-4350-CARMEN-SR
1625-6740-AUGUST-SL,1625-6740-AUGUST-2SL,2,209990.00,0,0,0,0,1625,Single Family,0,3,2,,AUGUSTA SLAB - MULTIFAMILY QUAD,1625-6740-AUGUST-SL
1824-3052-KENDAL-BR,1824-3052-KENDAL-3BR,3,0.00,0,0,0,0,1824,Single Family,0,3,2.5,,KENDALL BASEMENT,1824-3052-KENDAL-BR
1824-3052-KENDAL-SR,1824-3052-KENDAL-2SR,2,174990.00,0,0,0,0,1824,Single Family,0,3,2.5,,KENDALL SLAB,1824-3052-KENDAL-SR
1824-3052-KENDAL-SR,1824-3052-KENDAL-3SR,3,0.00,0,0,0,0,1824,Single Family,0,3,2.5,,KENDALL SLAB,1824-3052-KENDAL-3SR
1894-2365-NORFB4-BR,1894-2365-NORFB4-2BR,2,489990.00,0,0,0,0,1894,Multi Family,0,3,2.5,,NORFOLK B4 TOWNHOME INTERIOR UNIT,1894-2365-NORFB4-BR
1952-7040-SAVANN-SL,1952-7040-SAVANN-2SL,2,219990.00,0,0,0,0,1625,Single Family,0,3,2,,SAVANNAH SLAB - MULTIFAMILY QUAD,1952-7040-SAVANN-SL
1967-4558-CHARLO-2BL,1967-4558-CHARLO-2BL,2,245990.00,0,0,0,0,1967,Single Family,0,3,2,,CHARLOTTE I BASEMENT,1967-4558-CHARLO-2BL
1967-4558-CHARLO-3BL,1967-4558-CHARLO-3BL,3,0.00,0,0,0,0,1967,Single Family,0,3,2,,CHARLOTTE I BASEMENT,1967-4558-CHARLO-3BL
1967-4558-CHARLO-BL,1967-4558-CHARLO-1BL,1,250990.00,0,0,0,0,1967,Single Family,0,3,2,,CHARLOTTE I BASEMENT,1967-4558-CHARLO-BL
1967-4558-CHARLO-SL,1967-4558-CHARLO-1SL,1,210990.00,0,0,0,0,1967,Single Family,0,3,2,,CHARLOTTE I SLAB,1967-4558-CHARLO-SL
1967-4558-CHARLO-SL,1967-4558-CHARLO-2SL,2,205990.00,0,0,0,0,1967,Single Family,0,3,2,,CHARLOTTE I SLAB,1967-4558-CHARLO-2SL
1967-4558-CHARLO-SL,1967-4558-CHARLO-3SL,3,0.00,0,0,0,0,1967,Single Family,0,3,2,,CHARLOTTE I SLAB,1967-4558-CHARLO-3SL
2027-3052-BRIDGE-BR,2027-3052-BRIDGE-2BR,2,229990.00,0,0,0,0,2027,Single Family,0,3,2.5,,BRIDGEPORT BASEMENT,2027-3052-BRIDGE-2BR
2027-3052-BRIDGE-BR,2027-3052-BRIDGE-3BR,3,0.00,0,0,0,0,2027,Single Family,0,3,2.5,,BRIDGEPORT BASEMENT,2027-3052-BRIDGE-3BR
2027-3052-BRIDGE-BR,2027-3052-BRIDGE-1BR,1,217990.00,0,0,0,0,2027,Single Family,0,3,2.5,,BRIDGEPORT BASEMENT,2027-3052-BRIDGE-BR
2027-3052-BRIDGE-SR,2027-3052-BRIDGE-1SR,1,177990.00,0,0,0,0,2027,Single Family,0,3,2.5,,BRIDGEPORT SLAB,2027-3052-BRIDGE-SR
2027-3052-BRIDGE-SR,2027-3052-BRIDGE-2SR,2,184990.00,0,0,0,0,2027,Single Family,0,3,2.5,,BRIDGEPORT SLAB,2027-3052-BRIDGE-2SR
2027-3052-BRIDGE-SR,2027-3052-BRIDGE-3SR,3,0.00,0,0,0,0,2027,Single Family,0,3,2.5,,BRIDGEPORT SLAB,2027-3052-BRIDGE-3SR
2042-2362-STUAB2-CR,2042-2362-STUAB2-2CR,2,489990.00,0,0,0,0,2042,Single Family,0,3,2.5,,STUART B2 TOWNHOME INTERIOR UNIT,2042-2362-STUAB2-CR
2043-3056-HAYDEN-BL,2043-3056-HAYDEN-3BL,3,0.00,0,0,0,0,2043,Single Family,0,4,3,,HAYDEN BASEMENT,2043-3056-HAYDEN-BL
2043-3056-HAYDEN-SL,2043-3056-HAYDEN-3SL,3,0.00,0,0,0,0,2043,Single Family,0,4,3,,HAYDEN SLAB,2043-3056-HAYDEN-SL
2047-2591-CANNON-SR,2047-2591-CANNON-2SR,2,247990.00,0,0,0,0,2047,Single Family,0,3,2.5,,CANNONGATE SLAB,2047-2591-CANNON-SR
2047-2591-CANNON-SR,2047-2591-CANNON-3SR,3,0.00,0,0,0,0,2047,Single Family,0,3,2.5,,CANNONGATE SLAB,2047-2591-CANNON-3SR
2051-4040-PARKER-BR,2051-4040-PARKER-2BR,2,229990.00,0,0,0,0,2051,Single Family,0,4,2.5,,PARKER BASEMENT,2051-4040-PARKER-2BR
2051-4040-PARKER-BR,2051-4040-PARKER-3BR,3,0.00,0,0,0,0,2051,Single Family,0,4,2.5,,PARKER BASEMENT,2051-4040-PARKER-3BR
2051-4040-PARKER-BR,2051-4040-PARKER-1BR,1,235990.00,0,0,0,0,2051,Multi Family,0,4,2.5,,PARKER BASEMENT,2051-4040-PARKER-BR
2051-4040-PARKER-SR,2051-4040-PARKER-1SR,1,195990.00,0,0,0,0,2051,Single Family,0,4,2.5,,PARKER SLAB,2051-4040-PARKER-SR
2051-4040-PARKER-SR,2051-4040-PARKER-2SR,2,189990.00,0,0,0,0,2051,Single Family,0,4,2.5,,PARKER SLAB,2051-4040-PARKER-2SR
2051-4040-PARKER-SR,2051-4040-PARKER-3SR,3,0.00,0,0,0,0,2051,Single Family,0,4,2.5,,PARKER SLAB,2051-4040-PARKER-3SR
2100-3359-CHURB3-BR,2100-3359-CHURB3-2BR,2,489990.00,0,0,0,0,2100,Multi Family,0,3,2.5,,CHURCHILL B3 TOWNHOME END UNIT,2100-3359-CHURB3-BR
2105-4160-RICHB1-CR,2105-4160-RICHB1-2CR,2,489990.00,0,0,0,0,2105,Single Family,0,3,2.5,,RICHMOND B1 TOWNHOME END UNIT,2105-4160-RICHB1-CR
2145-4048-WARREN-BL,2145-4048-WARREN-3BL,3,0.00,0,0,0,0,2145,Single Family,0,3,2.5,,WARREN BASEMENT,2145-4048-WARREN-BL
2145-4048-WARREN-SL,2145-4048-WARREN-3SL,3,0.00,0,0,0,0,2145,Single Family,0,3,2.5,,WARREN SLAB,2145-4048-WARREN-SL
2146-2874-APPLEG-SR,2146-2874-APPLEG-2SR,2,250990.00,0,0,0,0,2146,Single Family,0,3,2.5,,APPLEGATE SLAB,2146-2874-APPLEG-SR
2146-2874-APPLEG-SR,2146-2874-APPLEG-3SR,3,0.00,0,0,0,0,2146,Single Family,0,3,2.5,,APPLEGATE SLAB,2146-2874-APPLEG-3SR
2185-4052-WESTWO-BR,2185-4052-WESTWO-2BR,2,277990.00,0,0,0,0,2185,Single Family,0,4,2.5,,WESTWOOD BASEMENT,2185-4052-WESTWO-2BR
2185-4052-WESTWO-BR,2185-4052-WESTWO-3BR,3,0.00,0,0,0,0,2185,Single Family,0,4,2.5,,WESTWOOD BASEMENT,2185-4052-WESTWO-3BR
2185-4052-WESTWO-BR,2185-4052-WESTWO-1BR,1,241990.00,0,0,0,0,2185,Multi Family,0,4,2.5,,WESTWOOD BASEMENT,2185-4052-WESTWO-BR
2185-4052-WESTWO-SR,2185-4052-WESTWO-1SR,1,201990.00,0,0,0,0,2185,Single Family,0,4,2.5,,WESTWOOD SLAB,2185-4052-WESTWO-SR
2185-4052-WESTWO-SR,2185-4052-WESTWO-2SR,2,237990.00,0,0,0,0,2185,Single Family,0,4,3.5,,WESTWOOD SLAB,2185-4052-WESTWO-2SR
2185-4052-WESTWO-SR,2185-4052-WESTWO-3SR,3,0.00,0,0,0,0,2185,Single Family,0,4,2.5,,WESTWOOD SLAB,2185-4052-WESTWO-3SR
2251-4558-CHARDM-2BL,2251-4558-CHARDM-2BL,2,270990.00,0,0,0,0,2251,Single Family,0,3,3,,CHARLOTTE II BASEMENT,2251-4558-CHARDM-2BL
2251-4558-CHARDM-3BL,2251-4558-CHARDM-3BL,3,309990.00,0,0,0,0,2251,Single Family,0,3,3,,CHARLOTTE II BASEMENT,2251-4558-CHARDM-3BL
2251-4558-CHARDM-BL,2251-4558-CHARDM-1BL,1,265990.00,0,0,0,0,2251,Single Family,0,3,3,,CHARLOTTE II BASEMENT,2251-4558-CHARDM-BL
2251-4558-CHARDM-SL,2251-4558-CHARDM-1SL,1,220990.00,0,0,0,0,2251,Single Family,0,3,3,,CHARLOTTE II SLAB,2251-4558-CHARDM-SL
2251-4558-CHARDM-SL,2251-4558-CHARDM-2SL,2,225990.00,0,0,0,0,2251,Single Family,0,3,3,,CHARLOTTE II SLAB,2251-4558-CHARDM-2SL
2251-4558-CHARDM-SL,2251-4558-CHARDM-3SL,3,264990.00,0,0,0,0,2251,Single Family,0,3,3,,CHARLOTTE II SLAB,2251-4558-CHARDM-3SL
2272-4050-MONROE-BR,2272-4050-MONROE-3BR,3,0.00,0,0,0,0,2272,Single Family,0,3,2.5,,MONROE BASEMENT,2272-4050-MONROE-BR
2272-4050-MONROE-SR,2272-4050-MONROE-3SR,3,0.00,0,0,0,0,2272,Single Family,0,3,2.5,,MONROE SLAB,2272-4050-MONROE-SR
2290-3939-STUART-BL,2290-3939-STUART-3BL,3,0.00,0,0,0,0,2290,Single Family,0,4,2.5,,STUART BASEMENT,2290-3939-STUART-BL
2290-3939-STUART-SL,2290-3939-STUART-3SL,3,0.00,0,0,0,0,2290,Single Family,0,4,2.5,,STUART SLAB,2290-3939-STUART-SL
2300-4058-PRESTO-BL,2300-4058-PRESTO-3BL,3,0.00,0,0,0,0,2300,Single Family,0,3,2.5,,PRESTON BASEMENT,2300-4058-PRESTO-BL
2300-4058-PRESTO-SL,2300-4058-PRESTO-3SL,3,0.00,0,0,0,0,2300,Single Family,0,3,2.5,,FOSTER SLAB,2300-4058-PRESTO-SL
2347-3950-OAKMON-BR,2347-3950-OAKMON-1BR,1,252990.00,0,0,0,0,2347,Single Family,0,4,2.5,,OAKMONT BASEMENT,2347-3950-OAKMON-BR
2347-3950-OAKMON-BR,2347-3950-OAKMON-2BR,2,239990.00,0,0,0,0,2347,Single Family,0,4,2.5,,OAKMONT BASEMENT,2347-3950-OAKMON-2BR
2347-3950-OAKMON-BR,2347-3950-OAKMON-3BR,3,0.00,0,0,0,0,2347,Single Family,0,4,2.5,,OAKMONT BASEMENT,2347-3950-OAKMON-3BR
2347-3950-OAKMON-SR,2347-3950-OAKMON-2SR,2,199990.00,0,0,0,0,2347,Single Family,0,4,2.5,,OAKMONT SLAB,2347-3950-OAKMON-2SR
2347-3950-OAKMON-SR,2347-3950-OAKMON-3SR,3,0.00,0,0,0,0,2347,Single Family,0,4,2.5,,OAKMONT SLAB,2347-3950-OAKMON-3SR
2347-3950-OAKMON-SR,2347-3950-OAKMON-1SR,1,212990.00,0,0,0,0,2347,Single Family,0,4,2.5,,OAKMONT SLAB,2347-3950-OAKMON-SR
2377-4057-CAMERO-BL,2377-4057-CAMERO-3BL,3,0.00,0,0,0,0,2377,Single Family,0,4,3,,CAMERON BASEMENT,2377-4057-CAMERO-BL
2377-4057-CAMERO-SL,2377-4057-CAMERO-3SL,3,0.00,0,0,0,0,2377,Single Family,0,4,3,,CAMERON SLAB,2377-4057-CAMERO-SL
2384-3254-ANSLEY-BR,2384-3254-ANSLEY-1BR,1,249990.00,0,0,0,0,2384,Single Family,0,4,2.5,,ANSLEY BASEMENT,2384-3254-ANSLEY-BR
2384-3254-ANSLEY-BR,2384-3254-ANSLEY-2BR,2,261990.00,0,0,0,0,2384,Single Family,0,4,2.5,,ANSLEY BASEMENT,2384-3254-ANSLEY-2BR
2384-3254-ANSLEY-BR,2384-3254-ANSLEY-3BR,3,0.00,0,0,0,0,2384,Single Family,0,4,2.5,,ANSLEY BASEMENT,2384-3254-ANSLEY-3BR
2384-3254-ANSLEY-SR,2384-3254-ANSLEY-2SR,2,194990.00,0,0,0,0,2384,Single Family,0,4,2.5,,ANSLEY SLAB,2384-3254-ANSLEY-2SR
2384-3254-ANSLEY-SR,2384-3254-ANSLEY-3SR,3,0.00,0,0,0,0,2384,Single Family,0,4,2.5,,ANSLEY SLAB,2384-3254-ANSLEY-3SR
2384-3254-ANSLEY-SR,2384-3254-ANSLEY-1SR,1,209990.00,0,0,0,0,2384,Single Family,0,4,2.5,,ANSLEY SLAB,2384-3254-ANSLEY-SR
2398-3967-WINCHE-CR,2398-3967-WINCHE-2CR,2,489900.00,0,0,0,0,2398,Single Family,0,3,2.5,,WINCHESTER TOWNHOME INTERIOR UNIT,2398-3967-WINCHE-CR
2406-4054-GARRET-BL,2406-4054-GARRET-3BL,3,0.00,0,0,0,0,2406,Single Family,0,4,3.5,,GARRETT BASEMENT,2406-4054-GARRET-BL
2406-4054-GARRET-SL,2406-4054-GARRET-3SL,3,0.00,0,0,0,0,2406,Single Family,0,4,3.5,,GARRETT SLAB,2406-4054-GARRET-SL
2412-4067-YORKSH-CR,2412-4067-YORKSH-2CR,2,499990.00,0,0,0,0,2412,Single Family,0,3,2.5,,YORKSHIRE TOWNHOME END UNIT,2412-4067-YORKSH-CR
2442-4052-VINCEN-BR,2442-4052-VINCEN-1BR,1,258990.00,0,0,0,0,2442,Single Family,0,4,3.5,,VINCENT BASEMENT,2442-4052-VINCEN-BR
2442-4052-VINCEN-BR,2442-4052-VINCEN-2BR,2,242990.00,0,0,0,0,2442,Single Family,0,4,3.5,,VINCENT BASEMENT,2442-4052-VINCEN-2BR
2442-4052-VINCEN-BR,2442-4052-VINCEN-3BR,3,0.00,0,0,0,0,2442,Single Family,0,4,3.5,,VINCENT BASEMENT,2442-4052-VINCEN-3BR
2442-4052-VINCEN-SR,2442-4052-VINCEN-2SR,2,202990.00,0,0,0,0,2442,Single Family,0,4,3.5,,VINCENT SLAB,2442-4052-VINCEN-2SR
2442-4052-VINCEN-SR,2442-4052-VINCEN-3SR,3,0.00,0,0,0,0,2442,Single Family,0,4,3.5,,VINCENT SLAB,2442-4052-VINCEN-3SR
2442-4052-VINCEN-SR,2442-4052-VINCEN-1SR,1,218990.00,0,0,0,0,2442,Single Family,0,4,3.5,,VINCENT SLAB,2442-4052-VINCEN-SR
2442-4052-WAVERL-BR,2442-4052-WAVERL-2BR,2,277990.00,0,0,0,0,2442,Single Family,0,5,3.5,,WAVERLY BASEMENT,2442-4052-WAVERL-BR
2442-4052-WAVERL-BR,2442-4052-WAVERL-3BR,3,0.00,0,0,0,0,2442,Single Family,0,5,3.5,,WAVERLY BASEMENT,2442-4052-WAVERL-3BR
2442-4052-WAVERL-SR,2442-4052-WAVERL-3SR,3,0.00,0,0,0,0,2442,Single Family,0,5,3.5,,WAVERLY SLAB,2442-4052-WAVERL-3SR
2442-4052-WAVERL-SR,2442-4052-WAVERL-2SR,2,237990.00,0,0,0,0,2442,Single Family,0,5,3.5,,WAVERLY SLAB,2442-4052-WAVERL-SR
2443-5763-SHOA10-SR,2443-5763-SHOA10-3SR,3,0.00,0,0,0,0,2443,Single Family,0,4,3,,SHOAL CREEK 10' SLAB,2443-5763-SHOA10-SR
2443-6970-SHOA10-BR,2443-6970-SHOA10-1BR,1,0.00,0,0,0,0,2443,Single Family,0,4,3,,SHOAL CREEK 10 FT BASEMENT,2443-6970-SHOA10-BR
2443-6970-SHOA10-BR,2443-6970-SHOA10-2BR,2,0.00,0,0,0,0,2443,Single Family,0,4,3,,SHOAL CREEK 10 FT BASEMENT,2443-6970-SHOA10-2BR
2443-6970-SHOA10-BR,2443-6970-SHOA10-3BR,3,533990.00,0,0,0,0,2443,Single Family,0,4,3,,SHOAL CREEK 10 FT BASEMENT,2443-6970-SHOA10-3BR
2443-6970-SHOA10-SR,2443-6970-SHOA10-2SR,2,0.00,0,0,0,0,2443,Single Family,0,4,3,,SHOAL CREEK 10 FT SLAB,2443-6970-SHOA10-2SR
2443-6970-SHOA10-SR,2443-6970-SHOA10-3SR,3,487990.00,0,0,0,0,2443,Single Family,0,4,3,,SHOAL CREEK 10 FT SLAB,2443-6970-SHOA10-3SR
2443-6970-SHOA10-SR,2443-6970-SHOA10-1SR,1,0.00,0,0,0,0,2443,Single Family,0,4,3,,SHOAL CREEK 10 FT SLAB,2443-6970-SHOA10-SR
2552-3059-HARRIS-2BL,2552-3059-HARRIS-2BL,2,263990.00,0,0,0,0,2552,Single Family,0,5,3,,HARRISON BASEMENT,2552-3059-HARRIS-2BL
2552-3059-HARRIS-3BL,2552-3059-HARRIS-3BL,3,0.00,0,0,0,0,2552,Single Family,0,5,3,,HARRISON BASEMENT,2552-3059-HARRIS-3BL
2552-3059-HARRIS-BL,2552-3059-HARRIS-1BL,1,264990.00,0,0,0,0,2552,Single Family,0,5,3,,HARRISON BASEMENT,2552-3059-HARRIS-BL
2552-3059-HARRIS-SL,2552-3059-HARRIS-1SL,1,224990.00,0,0,0,0,2552,Single Family,0,5,3,,HARRISON SLAB,2552-3059-HARRIS-SL
2552-3059-HARRIS-SL,2552-3059-HARRIS-2SL,2,223990.00,0,0,0,0,2552,Single Family,0,5,3,,HARRISON SLAB,2552-3059-HARRIS-2SL
2552-3059-HARRIS-SL,2552-3059-HARRIS-3SL,3,0.00,0,0,0,0,2552,Single Family,0,5,3,,HARRISON SLAB,2552-3059-HARRIS-3SL
2567-4054-LYNDON-BR,2567-4054-LYNDON-2BR,2,267990.00,0,0,0,0,2567,Single Family,0,4,2.5,,LYNDON BASEMENT,2567-4054-LYNDON-2BR
2567-4054-LYNDON-BR,2567-4054-LYNDON-3BR,3,0.00,0,0,0,0,2567,Single Family,0,4,2.5,,LYNDON BASEMENT,2567-4054-LYNDON-3BR
2567-4054-LYNDON-BR,2567-4054-LYNDON-1BR,1,267990.00,0,0,0,0,2567,Single Family,0,4,2.5,,LYNDON BASEMENT,2567-4054-LYNDON-BR
2567-4054-LYNDON-SR,2567-4054-LYNDON-1SR,1,227990.00,0,0,0,0,2567,Single Family,0,4,2.5,,LYNDON SLAB,2567-4054-LYNDON-SR
2567-4054-LYNDON-SR,2567-4054-LYNDON-2SR,2,227990.00,0,0,0,0,2567,Single Family,0,4,2.5,,LYNDON SLAB,2567-4054-LYNDON-2SR
2567-4054-LYNDON-SR,2567-4054-LYNDON-3SR,3,0.00,0,0,0,0,2567,Single Family,0,4,2.5,,LYNDON SLAB,2567-4054-LYNDON-3SR
2611-4058-FOSTER-BL,2611-4058-FOSTER-3BL,3,0.00,0,0,0,0,2611,Single Family,0,5,3,,FOSTER BASEMENT,2611-4058-FOSTER-BL
2611-4058-FOSTER-SL,2611-4058-FOSTER-3SL,3,0.00,0,0,0,0,2611,Single Family,0,5,3,,FOSTER SLAB,2611-4058-FOSTER-SL
2639-4052-HANCOC-BR,2639-4052-HANCOC-3BR,3,0.00,0,0,0,0,2639,Single Family,0,4,2.5,,HANCOCK BASEMENT,2639-4052-HANCOC-BR
2639-4052-HANCOC-SR,2639-4052-HANCOC-2SR,2,231990.00,0,0,0,0,2639,Single Family,0,4,2.5,,HANCOCK SLAB,2639-4052-HANCOC-SR
2639-4052-HANCOC-SR,2639-4052-HANCOC-3SR,3,0.00,0,0,0,0,2639,Single Family,0,4,2.5,,HANCOCK SLAB,2639-4052-HANCOC-3SR
2658-5049-BROO2S-2BL,2658-5049-BROO2S-2BL,2,277990.00,0,0,0,0,2658,Single Family,0,5,4,,BROOKS 2-STORY FAMILY BASEMENT,2658-5049-BROO2S-2BL
2658-5049-BROO2S-3BL,2658-5049-BROO2S-3BL,3,327990.00,0,0,0,0,2658,Single Family,0,5,4,,BROOKS 2-STORY FAMILY BASEMENT,2658-5049-BROO2S-3BL
2658-5049-BROO2S-BL,2658-5049-BROO2S-1BL,1,281990.00,0,0,0,0,2658,Single Family,0,5,4,,BROOKS 2-STORY FAMILY BASEMENT,2658-5049-BROO2S-BL
2658-5049-BROO2S-SL,2658-5049-BROO2S-1SL,1,236990.00,0,0,0,0,2658,Single Family,0,5,4,,BROOKS 2-STORY FAMILY SLAB,2658-5049-BROO2S-SL
2658-5049-BROO2S-SL,2658-5049-BROO2S-2SL,2,232990.00,0,0,0,0,2658,Single Family,0,5,4,,BROOKS 2-STORY FAMILY SLAB,2658-5049-BROO2S-2SL
2658-5049-BROO2S-SL,2658-5049-BROO2S-3SL,3,0.00,0,0,0,0,2658,Single Family,0,5,4,,BROOKS 2-STORY FAMILY SLAB,2658-5049-BROO2S-3SL
2658-5049-BROO3S-SL,2658-5049-BROO3S-3SL,3,282990.00,0,0,0,0,2658,Single Family,0,5,4,,BROOKS 2-STORY FAMILY SLAB,2658-5049-BROO3S-SL
2701-5056-STOCKT-3BL,2701-5056-STOCKT-3BL,3,328990.00,0,0,0,0,2701,Single Family,0,4,3,,STOCKTON  BASEMENT,2701-5056-STOCKT-3BL
2701-5056-STOCKT-BL,2701-5056-STOCKT-2BL,2,286990.00,0,0,0,0,2701,Single Family,0,4,3,,STOCKTON  BASEMENT,2701-5056-STOCKT-BL
2701-5056-STOCKT-SL,2701-5056-STOCKT-2SL,2,241990.00,0,0,0,0,2701,Single Family,0,4,3,,STOCKTON SLAB,2701-5056-STOCKT-SL
2701-5056-STOCKT-SL,2701-5056-STOCKT-3SL,3,289990.00,0,0,0,0,2701,Single Family,0,4,3,,STOCKTON 2 SLAB,2701-5056-STOCKT-3SL
2703-5051-KAYL2F-2BL,2703-5051-KAYL2F-2BL,2,277990.00,0,0,0,0,2703,Single Family,0,4,2.5,,KAYLEE 2-STORY FAMILY BASEMENT,2703-5051-KAYL2F-2BL
2703-5051-KAYL2F-3BL,2703-5051-KAYL2F-3BL,3,327990.00,0,0,0,0,2703,Single Family,0,4,2.5,,KAYLEE 2-STORY FAMILY BASEMENT,2703-5051-KAYL2F-3BL
2703-5051-KAYL2F-BL,2703-5051-KAYL2F-1BL,1,281990.00,0,0,0,0,2703,Single Family,0,4,2.5,,KAYLEE 2-STORY FAMILY BASEMENT,2703-5051-KAYL2F-BL
2703-5051-KAYL2F-SL,2703-5051-KAYL2F-1SL,1,236990.00,0,0,0,0,2703,Single Family,0,4,2.5,,KAYLEE 2-STORY FAMILY SLAB,2703-5051-KAYL2F-SL
2703-5051-KAYL2F-SL,2703-5051-KAYL2F-2SL,2,232990.00,0,0,0,0,2703,Single Family,0,5,3.5,,KAYLEE 2-STORY FAMILY SLAB,2703-5051-KAYL2F-2SL
2703-5051-KAYL2F-SL,2703-5051-KAYL2F-3SL,3,282990.00,0,0,0,0,2703,Single Family,0,4,2.5,,KAYLEE 2-STORY FAMILY SLAB,2703-5051-KAYL2F-3SL
2715-5354-CHRIST-2BL,2715-5354-CHRIST-2BL,2,297990.00,0,0,0,0,2715,Single Family,0,4,3.5,,CHRISTINA BASEMENT,2715-5354-CHRIST-2BL
2715-5354-CHRIST-3BL,2715-5354-CHRIST-3BL,3,321990.00,0,0,0,0,2715,Single Family,0,4,3.5,,CHRISTINA BASEMENT,2715-5354-CHRIST-3BL
2715-5354-CHRIST-BL,2715-5354-CHRIST-1BL,1,281990.00,0,0,0,0,2715,Single Family,0,4,3.5,,CHRISTINA BASEMENT,2715-5354-CHRIST-BL
2715-5354-CHRIST-SL,2715-5354-CHRIST-1SL,1,236990.00,0,0,0,0,2715,Single Family,0,4,3.5,,CHRISTINA SLAB,2715-5354-CHRIST-SL
2715-5354-CHRIST-SL,2715-5354-CHRIST-2SL,2,279900.00,0,0,0,0,2715,Single Family,0,4,3.5,,CHRISTINA SLAB,2715-5354-CHRIST-2SL
2715-5354-CHRIST-SL,2715-5354-CHRIST-3SL,3,276990.00,0,0,0,0,2715,Single Family,0,4,3.5,,CHRISTINA SLAB,2715-5354-CHRIST-3SL
2716-4955-HUNT2S-BR,2716-4955-HUNT2S-2BR,2,296990.00,0,0,0,0,2716,Single Family,0,4,2.5,,HUNTER 2-STORY FAMILY BASEMENT,2716-4955-HUNT2S-2BR
2716-4955-HUNT2S-BR,2716-4955-HUNT2S-3BR,3,330990.00,0,0,0,0,2716,Single Family,0,4,2.5,,HUNTER 2-STORY FAMILY BASEMENT,2716-4955-HUNT2S-3BR
2716-4955-HUNT2S-BR,2716-4955-HUNT2S-1BR,1,281990.00,0,0,0,0,2716,Single Family,0,4,2.5,,HUNTER 2-STORY FAMILY BASEMENT,2716-4955-HUNT2S-BR
2716-4955-HUNT2S-SR,2716-4955-HUNT2S-1SR,1,236990.00,0,0,0,0,2716,Single Family,0,4,2.5,,HUNTER 2-STORY FAMILY SLAB,2716-4955-HUNT2S-SR
2716-4955-HUNT2S-SR,2716-4955-HUNT2S-2SR,2,251990.00,0,0,0,0,2716,Single Family,0,4,2.5,,HUNTER 2-STORY FAMILY SLAB,2716-4955-HUNT2S-2SR
2716-4955-HUNT2S-SR,2716-4955-HUNT2S-3SR,3,285990.00,0,0,0,0,2716,Single Family,0,4,2.5,,HUNTER 2-STORY FAMILY SLAB,2716-4955-HUNT2S-3SR
2883-4056-FRANKL-2BL,2883-4056-FRANKL-2BL,2,275990.00,0,0,0,0,2874,Single Family,0,5,3,,FRANKLIN BASEMENT,2883-4056-FRANKL-2BL
2883-4056-FRANKL-3BL,2883-4056-FRANKL-3BL,3,329990.00,0,0,0,0,2874,Single Family,0,5,3,,FRANKLIN BASEMENT,2883-4056-FRANKL-3BL
2883-4056-FRANKL-BL,2883-4056-FRANKL-1BL,1,272990.00,0,0,0,0,2874,Single Family,0,5,3,,FRANKLIN BASEMENT,2883-4056-FRANKL-BL
2883-4056-FRANKL-SL,2883-4056-FRANKL-1SL,1,232990.00,0,0,0,0,2874,Single Family,0,5,3,,FRANKLIN SLAB,2883-4056-FRANKL-SL
2883-4056-FRANKL-SL,2883-4056-FRANKL-2SL,2,235990.00,0,0,0,0,2874,Single Family,0,5,3,,FRANKLIN SLAB,2883-4056-FRANKL-2SL
2883-4056-FRANKL-SL,2883-4056-FRANKL-3SL,3,284990.00,0,0,0,0,2874,Single Family,0,5,3,,FRANKLIN SLAB,2883-4056-FRANKL-3SL
2944-5046-BROOKS-2BL,2944-5046-BROOKS-2BL,2,284990.00,0,0,0,0,2944,Single Family,0,,4,,BROOKS BASEMENT,2944-5046-BROOKS-2BL
2944-5046-BROOKS-3BL,2944-5046-BROOKS-3BL,3,334990.00,0,0,0,0,2944,Single Family,0,,4,,BROOKS BASEMENT,2944-5046-BROOKS-3BL
2944-5046-BROOKS-BL,2944-5046-BROOKS-1BL,1,299990.00,0,0,0,0,2944,Single Family,0,,4,,BROOKS BASEMENT,2944-5046-BROOKS-BL
2944-5046-BROOKS-SL,2944-5046-BROOKS-1SL,1,254990.00,0,0,0,0,2944,Single Family,0,,4,,BROOKS SLAB,2944-5046-BROOKS-SL
2944-5046-BROOKS-SL,2944-5046-BROOKS-2SL,2,239990.00,0,0,0,0,2944,Single Family,0,0,4,,BROOKS SLAB,2944-5046-BROOKS-2SL
2944-5046-BROOKS-SL,2944-5046-BROOKS-3SL,3,289990.00,0,0,0,0,2944,Single Family,0,0,4,,BROOKS SLAB,2944-5046-BROOKS-3SL
2970-5051-KAYLEE-2BL,2970-5051-KAYLEE-2BL,2,284990.00,0,0,0,0,2970,Single Family,0,5,3.5,,KAYLEE BASEMENT,2970-5051-KAYLEE-2BL
2970-5051-KAYLEE-3BL,2970-5051-KAYLEE-3BL,3,334990.00,0,0,0,0,2970,Single Family,0,4,3.5,,KAYLEE BASEMENT,2970-5051-KAYLEE-3BL
2970-5051-KAYLEE-BL,2970-5051-KAYLEE-1BL,1,299990.00,0,0,0,0,2970,Single Family,0,4,3.5,,KAYLEE BASEMENT,2970-5051-KAYLEE-BL
2970-5051-KAYLEE-SL,2970-5051-KAYLEE-1SL,1,254990.00,0,0,0,0,2970,Single Family,0,5,3.5,,KAYLEE SLAB,2970-5051-KAYLEE-SL
2970-5051-KAYLEE-SL,2970-5051-KAYLEE-2SL,2,239990.00,0,0,0,0,2970,Single Family,0,5,3.5,,KAYLEE SLAB,2970-5051-KAYLEE-2SL
2970-5051-KAYLEE-SL,2970-5051-KAYLEE-3SL,3,289990.00,0,0,0,0,2970,Single Family,0,5,3.5,,KAYLEE SLAB,2970-5051-KAYLEE-3SL
2970-5051-KAYLMD-2BL,2970-5051-KAYLMD-2BL,2,293990.00,0,0,0,0,2970,Single Family,0,4,2.5,,KAYLEE MEDIA ROOM BASEMENT,2970-5051-KAYLMD-2BL
2970-5051-KAYLMD-3BL,2970-5051-KAYLMD-3BL,3,351990.00,0,0,0,0,2970,Single Family,0,4,2.5,,KAYLEE MEDIA ROOM BASEMENT,2970-5051-KAYLMD-3BL
2970-5051-KAYLMD-BL,2970-5051-KAYLMD-1BL,1,298990.00,0,0,0,0,2970,Single Family,0,4,2.5,,KAYLEE MEDIA ROOM BASEMENT,2970-5051-KAYLMD-BL
2970-5051-KAYLMD-SL,2970-5051-KAYLMD-1SL,1,253990.00,0,0,0,0,2970,Single Family,0,4,2.5,,KAYLEE MEDIA ROOM SLAB,2970-5051-KAYLMD-SL
2970-5051-KAYLMD-SL,2970-5051-KAYLMD-2SL,2,253990.00,0,0,0,0,2970,Single Family,0,4,2.5,,KAYLEE MEDIA ROOM SLAB,2970-5051-KAYLMD-2SL
2970-5051-KAYLMD-SL,2970-5051-KAYLMD-3SL,3,306990.00,0,0,0,0,2970,Single Family,0,4,2.5,,KAYLEE MEDIA ROOM SLAB,2970-5051-KAYLMD-3SL
2999-4666-BRENTW-2BL,2999-4666-BRENTW-2BL,2,307990.00,0,0,0,0,2999,Single Family,0,,4,,BRENTWOOD BASEMENT,2999-4666-BRENTW-2BL
2999-4666-BRENTW-3BL,2999-4666-BRENTW-3BL,3,394990.00,0,0,0,0,2999,Single Family,0,,4,,BRENTWOOD BASEMENT,2999-4666-BRENTW-3BL
2999-4666-BRENTW-BL,2999-4666-BRENTW-1BL,1,305990.00,0,0,0,0,2999,Single Family,0,,4,,BRENTWOOD BASEMENT,2999-4666-BRENTW-BL
2999-4666-BRENTW-SL,2999-4666-BRENTW-1SL,1,260990.00,0,0,0,0,2999,Single Family,0,,4,,BRENTWOOD SLAB,2999-4666-BRENTW-SL
2999-4666-BRENTW-SL,2999-4666-BRENTW-2SL,2,309000.00,0,0,0,0,2999,Single Family,0,0,4,,BRENTWOOD SLAB,2999-4666-BRENTW-2SL
2999-4666-BRENTW-SL,2999-4666-BRENTW-3SL,3,354990.00,0,0,0,0,2999,Single Family,0,0,4,,BRENTWOOD SLAB,2999-4666-BRENTW-3SL
3027-4955-HUNTER-BR,3027-4955-HUNTER-2BR,2,283990.00,0,0,0,0,3027,Single Family,0,5,3.5,,HUNTER BASEMENT,3027-4955-HUNTER-2BR
3027-4955-HUNTER-BR,3027-4955-HUNTER-3BR,3,339990.00,0,0,0,0,3027,Single Family,0,5,3.5,,HUNTER BASEMENT,3027-4955-HUNTER-3BR
3027-4955-HUNTER-BR,3027-4955-HUNTER-1BR,1,305990.00,0,0,0,0,3027,Single Family,0,5,3.5,,HUNTER BASEMENT,3027-4955-HUNTER-BR
3027-4955-HUNTER-SR,3027-4955-HUNTER-1SR,1,260990.00,0,0,0,0,3027,Single Family,0,5,3.5,,HUNTER SLAB,3027-4955-HUNTER-SR
3027-4955-HUNTER-SR,3027-4955-HUNTER-2SR,2,245990.00,0,0,0,0,3027,Single Family,0,5,3.5,,HUNTER SLAB,3027-4955-HUNTER-2SR
3027-4955-HUNTER-SR,3027-4955-HUNTER-3SR,3,294990.00,0,0,0,0,3027,Single Family,0,5,3.5,,HUNTER SLAB,3027-4955-HUNTER-3SR
3027-4955-HUNTMD-BR,3027-4955-HUNTMD-2BR,2,305990.00,0,0,0,0,3027,Single Family,0,4,3.5,,HUNTER MEDIA ROOM BASEMENT,3027-4955-HUNTMD-2BR
3027-4955-HUNTMD-BR,3027-4955-HUNTMD-3BR,3,354990.00,0,0,0,0,3027,Single Family,0,4,3.5,,HUNTER MEDIA ROOM BASEMENT,3027-4955-HUNTMD-3BR
3027-4955-HUNTMD-BR,3027-4955-HUNTMD-1BR,1,304990.00,0,0,0,0,3027,Single Family,0,4,3.5,,HUNTER MEDIA ROOM BASEMENT,3027-4955-HUNTMD-BR
3027-4955-HUNTMD-SR,3027-4955-HUNTMD-1SR,1,259990.00,0,0,0,0,3027,Single Family,0,4,3.5,,HUNTER MEDIA ROOM SLAB,3027-4955-HUNTMD-SR
3027-4955-HUNTMD-SR,3027-4955-HUNTMD-2SR,2,260990.00,0,0,0,0,3027,Single Family,0,4,3.5,,HUNTER MEDIA ROOM SLAB,3027-4955-HUNTMD-2SR
3027-4955-HUNTMD-SR,3027-4955-HUNTMD-3SR,3,309990.00,0,0,0,0,3027,Single Family,0,4,3.5,,HUNTER MEDIA ROOM SLAB,3027-4955-HUNTMD-3SR
3104-5054-SIDNEY-BR,3104-5054-SIDNEY-2BR,2,319990.00,0,0,0,0,3104,Single Family,0,5,5,,SIDNEY BASEMENT,3104-5054-SIDNEY-2BR
3104-5054-SIDNEY-BR,3104-5054-SIDNEY-3BR,3,349990.00,0,0,0,0,3104,Single Family,0,5,5,,SIDNEY BASEMENT,3104-5054-SIDNEY-3BR
3104-5054-SIDNEY-BR,3104-5054-SIDNEY-1BR,1,314990.00,0,0,0,0,3104,Single Family,0,5,5,,SIDNEY BASEMENT,3104-5054-SIDNEY-BR
3104-5054-SIDNEY-SR,3104-5054-SIDNEY-1SR,1,269990.00,0,0,0,0,3104,Single Family,0,5,5,,SIDNEY SLAB,3104-5054-SIDNEY-SR
3104-5054-SIDNEY-SR,3104-5054-SIDNEY-2SR,2,274990.00,0,0,0,0,3104,Single Family,0,5,5,,SIDNEY SLAB,3104-5054-SIDNEY-2SR
3104-5054-SIDNEY-SR,3104-5054-SIDNEY-3SR,3,304990.00,0,0,0,0,3104,Single Family,0,5,5,,SIDNEY SLAB,3104-5054-SIDNEY-3SR
3111-5355-KIMB10-2BL,3111-5355-KIMB10-2BL,2,0.00,0,0,0,0,3111,Single Family,0,4,3.5,,KIMBERLY 10 FT BASEMENT,3111-5355-KIMB10-2BL
3111-5355-KIMB10-3BL,3111-5355-KIMB10-3BL,3,0.00,0,0,0,0,3111,Single Family,0,4,3.5,,KIMBERLY 10 FT BASEMENT,3111-5355-KIMB10-3BL
3111-5355-KIMB10-BL,3111-5355-KIMB10-1BL,1,0.00,0,0,0,0,3111,Single Family,0,4,3.5,,KIMBERLY 10 FT BASEMENT,3111-5355-KIMB10-BL
3111-5355-KIMB10-SL,3111-5355-KIMB10-1SL,1,0.00,0,0,0,0,3111,Single Family,0,4,3.5,,KIMBERLY 10 FT SLAB,3111-5355-KIMB10-SL
3111-5355-KIMB10-SL,3111-5355-KIMB10-2SL,2,0.00,0,0,0,0,3111,Single Family,0,4,3.5,,KIMBERLY 10 FT SLAB,3111-5355-KIMB10-2SL
3111-5355-KIMB10-SL,3111-5355-KIMB10-3SL,3,0.00,0,0,0,0,3111,Single Family,0,4,3.5,,KIMBERLY 10 FT SLAB,3111-5355-KIMB10-3SL
3111-5355-KIMBER-2BL,3111-5355-KIMBER-2BL,2,316990.00,0,0,0,0,3111,Single Family,0,4,3.5,,KIMBERLY BASEMENT,3111-5355-KIMBER-2BL
3111-5355-KIMBER-3BL,3111-5355-KIMBER-3BL,3,399990.00,0,0,0,0,3111,Single Family,0,4,3.5,,KIMBERLY BASEMENT,3111-5355-KIMBER-3BL
3111-5355-KIMBER-BL,3111-5355-KIMBER-1BL,1,311990.00,0,0,0,0,3111,Single Family,0,4,3.5,,KIMBERLY BASEMENT,3111-5355-KIMBER-BL
3111-5355-KIMBER-SL,3111-5355-KIMBER-1SL,1,266990.00,0,0,0,0,3111,Single Family,0,4,3.5,,KIMBERLY SLAB,3111-5355-KIMBER-SL
3111-5355-KIMBER-SL,3111-5355-KIMBER-2SL,2,320000.00,0,0,0,0,3111,Single Family,0,4,3.5,,KIMBERLY SLAB,3111-5355-KIMBER-2SL
3111-5355-KIMBER-SL,3111-5355-KIMBER-3SL,3,359990.00,0,0,0,0,3111,Single Family,0,4,3.5,,KIMBERLY SLAB,3111-5355-KIMBER-3SL
3257-5076-RICHMO-BL,3257-5076-RICHMO-3BL,3,525990.00,0,0,0,0,3257,Single Family,0,4,3.5,,RICHMOND BASEMENT,3257-5076-RICHMO-BL
3257-5078-RICHMO-2BL,3257-5078-RICHMO-2BL,2,0.00,0,0,0,0,3257,Single Family,0,4,3.5,,RICHMOND BASEMENT,3257-5078-RICHMO-2BL
3257-5078-RICHMO-BL,3257-5078-RICHMO-1BL,1,0.00,0,0,0,0,3257,Single Family,0,4,3.5,,RICHMOND BASEMENT,3257-5078-RICHMO-BL
3257-5078-RICHMO-SL,3257-5078-RICHMO-1SL,1,0.00,0,0,0,0,3257,Single Family,0,4,3.5,,RICHMOND SLAB,3257-5078-RICHMO-SL
3257-5078-RICHMO-SL,3257-5078-RICHMO-2SL,2,0.00,0,0,0,0,3257,Single Family,0,4,3.5,,RICHMOND SLAB,3257-5078-RICHMO-2SL
3257-5078-RICHMO-SL,3257-5078-RICHMO-3SL,3,485990.00,0,0,0,0,3257,Single Family,0,4,3.5,,RICHMOND SLAB,3257-5078-RICHMO-3SL
3272-5054-STERLI-BR,3272-5054-STERLI-2BR,2,323990.00,0,0,0,0,3272,Single Family,0,5,4,,STERLING BASEMENT,3272-5054-STERLI-2BR
3272-5054-STERLI-BR,3272-5054-STERLI-3BR,3,353990.00,0,0,0,0,3272,Single Family,0,5,4,,STERLING BASEMENT,3272-5054-STERLI-3BR
3272-5054-STERLI-BR,3272-5054-STERLI-1BR,1,318990.00,0,0,0,0,3272,Single Family,0,5,4,,STERLING BASEMENT,3272-5054-STERLI-BR
3272-5054-STERLI-SR,3272-5054-STERLI-1SR,1,273990.00,0,0,0,0,3272,Single Family,0,5,4,,STERLING SLAB,3272-5054-STERLI-SR
3272-5054-STERLI-SR,3272-5054-STERLI-2SR,2,278990.00,0,0,0,0,3272,Single Family,0,5,4,,STERLING SLAB,3272-5054-STERLI-2SR
3272-5054-STERLI-SR,3272-5054-STERLI-3SR,3,308990.00,0,0,0,0,3272,Single Family,0,5,4,,STERLING SLAB,3272-5054-STERLI-3SR
3300-5050-CAUFIE-BR,3300-5050-CAUFIE-2BR,2,328990.00,0,0,0,0,3300,Single Family,0,4,2.5,,CAULFIELD BASEMENT,3300-5050-CAUFIE-2BR
3300-5050-CAUFIE-BR,3300-5050-CAUFIE-3BR,3,0.00,0,0,0,0,3300,Single Family,0,4,2.5,,CAULFIELD BASEMENT,3300-5050-CAUFIE-3BR
3300-5050-CAUFIE-BR,3300-5050-CAUFIE-1BR,1,316990.00,0,0,0,0,3300,Single Family,0,4,2.5,,CAULFIELD BASEMENT,3300-5050-CAUFIE-BR
3300-5050-CAUFIE-SR,3300-5050-CAUFIE-1SR,1,271990.00,0,0,0,0,3300,Single Family,0,4,2.5,,CAULFIELD SLAB,3300-5050-CAUFIE-SR
3300-5050-CAUFIE-SR,3300-5050-CAUFIE-2SR,2,283990.00,0,0,0,0,3300,Single Family,0,4,2.5,,CAULFIELD SLAB,3300-5050-CAUFIE-2SR
3300-5050-CAUFIE-SR,3300-5050-CAUFIE-3SR,3,0.00,0,0,0,0,3300,Single Family,0,4,2.5,,CAULFIELD SLAB,3300-5050-CAUFIE-3SR
3300-5050-PINEBR-BR,3300-5050-PINEBR-2BR,2,330990.00,0,0,0,0,3300,Single Family,0,3,2,,PINEBROOK BASEMENT,3300-5050-PINEBR-2BR
3300-5050-PINEBR-BR,3300-5050-PINEBR-3BR,3,0.00,0,0,0,0,3300,Single Family,0,3,2,,PINEBROOK BASEMENT,3300-5050-PINEBR-3BR
3300-5050-PINEBR-BR,3300-5050-PINEBR-1BR,1,318990.00,0,0,0,0,3300,Single Family,0,3,2,,PINEBROOK BASEMENT,3300-5050-PINEBR-BR
3300-5050-PINEBR-SR,3300-5050-PINEBR-1SR,1,273990.00,0,0,0,0,3300,Single Family,0,3,2,,PINEBROOK SLAB,3300-5050-PINEBR-SR
3300-5050-PINEBR-SR,3300-5050-PINEBR-2SR,2,270000.00,0,0,0,0,3300,Single Family,0,0,0,,PINEBROOK SLAB,3300-5050-PINEBR-2SR
3300-5050-PINEBR-SR,3300-5050-PINEBR-3SR,3,0.00,0,0,0,0,3300,Single Family,0,3,2,,PINEBROOK SLAB,3300-5050-PINEBR-3SR
3342-5279-FREDER-2BL,3342-5279-FREDER-2BL,2,0.00,0,0,0,0,3342,Single Family,0,4,3.5,,FREDERICKSON BASEMENT,3342-5279-FREDER-2BL
3342-5279-FREDER-3BL,3342-5279-FREDER-3BL,3,551990.00,0,0,0,0,3342,Single Family,0,4,3.5,,FREDERICKSON BASEMENT,3342-5279-FREDER-3BL
3342-5279-FREDER-BL,3342-5279-FREDER-1BL,1,0.00,0,0,0,0,3342,Single Family,0,4,3.5,,FREDERICKSON BASEMENT,3342-5279-FREDER-BL
3342-5279-FREDER-SL,3342-5279-FREDER-1SL,1,0.00,0,0,0,0,3342,Single Family,0,4,3.5,,FREDERICKSON SLAB,3342-5279-FREDER-SL
3342-5279-FREDER-SL,3342-5279-FREDER-2SL,2,0.00,0,0,0,0,3342,Single Family,0,4,3.5,,FREDERICKSON SLAB,3342-5279-FREDER-2SL
3342-5279-FREDER-SL,3342-5279-FREDER-3SL,3,502990.00,0,0,0,0,3342,Single Family,0,4,3.5,,FREDERICKSON SLAB,3342-5279-FREDER-3SL
3349-5258-JACK2S-BR,3349-5258-JACK2S-2BR,2,350990.00,0,0,0,0,3349,Single Family,0,4,4,,JACKSON 2-STORY FAMILY BASEMENT,3349-5258-JACK2S-2BR
3349-5258-JACK2S-BR,3349-5258-JACK2S-3BR,3,364990.00,0,0,0,0,3349,Single Family,0,4,4,,JACKSON 2-STORY FAMILY BASEMENT,3349-5258-JACK2S-3BR
3349-5258-JACK2S-BR,3349-5258-JACK2S-1BR,1,324990.00,0,0,0,0,3349,Single Family,0,4,4,,JACKSON 2-STORY FAMILY BASEMENT,3349-5258-JACK2S-BR
3349-5258-JACK2S-SR,3349-5258-JACK2S-1SR,1,279990.00,0,0,0,0,3349,Single Family,0,4,4,,JACKSON 2-STORY FAMILY SLAB,3349-5258-JACK2S-SR
3349-5258-JACK2S-SR,3349-5258-JACK2S-2SR,2,305990.00,0,0,0,0,3349,Single Family,0,4,4,,JACKSON 2-STORY FAMILY SLAB,3349-5258-JACK2S-2SR
3349-5258-JACK2S-SR,3349-5258-JACK2S-3SR,3,319990.00,0,0,0,0,3349,Single Family,0,4,4,,JACKSON 2-STORY FAMILY SLAB,3349-5258-JACK2S-3SR
3392-5454-WILL10-2BL,3392-5454-WILL10-2BL,2,0.00,0,0,0,0,3392,Single Family,0,,3.5,,WILLIAMSON 10 FT BASEMENT,3392-5454-WILL10-2BL
3392-5454-WILL10-3BL,3392-5454-WILL10-3BL,3,548990.00,0,0,0,0,3392,Single Family,0,,3.5,,WILLIAMSON 10 FT BASEMENT,3392-5454-WILL10-3BL
3392-5454-WILL10-BL,3392-5454-WILL10-1BL,1,0.00,0,0,0,0,3392,Single Family,0,,3.5,,WILLIAMSON 10 FT BASEMENT,3392-5454-WILL10-BL
3392-5454-WILL10-SL,3392-5454-WILL10-1SL,1,0.00,0,0,0,0,3392,Single Family,0,,3.5,,WILLIAMSON 10 FT SLAB,3392-5454-WILL10-SL
3392-5454-WILL10-SL,3392-5454-WILL10-2SL,2,0.00,0,0,0,0,3392,Single Family,0,0,3.5,,WILLIAMSON 10 FT SLAB,3392-5454-WILL10-2SL
3392-5454-WILL10-SL,3392-5454-WILL10-3SL,3,0.00,0,0,0,0,3392,Single Family,0,0,3.5,,WILLIAMSON 10' SLAB,3392-5454-WILL10-3SL
3392-5454-WILLIA-2BL,3392-5454-WILLIA-2BL,2,338990.00,0,0,0,0,3392,Single Family,0,,3.5,,WILLIAMSON BASEMENT,3392-5454-WILLIA-2BL
3392-5454-WILLIA-3BL,3392-5454-WILLIA-3BL,3,429990.00,0,0,0,0,3392,Single Family,0,,3.5,,WILLIAMSON BASEMENT,3392-5454-WILLIA-3BL
3392-5454-WILLIA-BL,3392-5454-WILLIA-1BL,1,326990.00,0,0,0,0,3392,Single Family,0,,3.5,,WILLIAMSON BASEMENT,3392-5454-WILLIA-BL
3392-5454-WILLIA-SL,3392-5454-WILLIA-1SL,1,281990.00,0,0,0,0,3392,Single Family,0,,3.5,,WILLIAMSON SLAB,3392-5454-WILLIA-SL
3392-5454-WILLIA-SL,3392-5454-WILLIA-2SL,2,401990.00,0,0,0,0,3392,Single Family,0,0,3.5,,WILLIAMSON SLAB,3392-5454-WILLIA-2SL
3392-5454-WILLIA-SL,3392-5454-WILLIA-3SL,3,389990.00,0,0,0,0,3392,Single Family,0,0,3.5,,WILLIAMSON SLAB,3392-5454-WILLIA-3SL
3649-5257-MARSHA-2BL,3649-5257-MARSHA-2BL,2,325990.00,0,0,0,0,3649,Single Family,0,5,5,,MARSHALL BASEMENT,3649-5257-MARSHA-2BL
3649-5257-MARSHA-3BL,3649-5257-MARSHA-3BL,3,0.00,0,0,0,0,3649,Single Family,0,5,5,,MARSHALL BASEMENT,3649-5257-MARSHA-3BL
3649-5257-MARSHA-BL,3649-5257-MARSHA-1BL,1,336990.00,0,0,0,0,3649,Single Family,0,5,5,,MARSHALL BASEMENT,3649-5257-MARSHA-BL
3649-5257-MARSHA-SL,3649-5257-MARSHA-1SL,1,291990.00,0,0,0,0,3649,Single Family,0,5,5,,MARSHALL SLAB,3649-5257-MARSHA-SL
3649-5257-MARSHA-SL,3649-5257-MARSHA-2SL,2,285990.00,0,0,0,0,3649,Single Family,0,5,5,,MARSHALL SLAB,3649-5257-MARSHA-2SL
3649-5257-MARSHA-SL,3649-5257-MARSHA-3SL,3,0.00,0,0,0,0,3649,Single Family,0,5,5,,MARSHALL SLAB,3649-5257-MARSHA-3SL
3687-5060-BARRET-BR,3687-5060-BARRET-2BR,2,321990.00,0,0,0,0,3687,Single Family,0,5,5.5,,BARRETT BASEMENT,3687-5060-BARRET-2BR
3687-5060-BARRET-BR,3687-5060-BARRET-3BR,3,374990.00,0,0,0,0,3687,Single Family,0,5,5.5,,BARRETT BASEMENT,3687-5060-BARRET-3BR
3687-5060-BARRET-BR,3687-5060-BARRET-1BR,1,339990.00,0,0,0,0,3687,Single Family,0,5,5.5,,BARRETT BASEMENT,3687-5060-BARRET-BR
3687-5060-BARRET-SR,3687-5060-BARRET-1SR,1,294990.00,0,0,0,0,3687,Single Family,0,5,5.5,,BARRETT SLAB,3687-5060-BARRET-SR
3687-5060-BARRET-SR,3687-5060-BARRET-2SR,2,276990.00,0,0,0,0,3687,Single Family,0,5,5.5,,BARRETT SLAB,3687-5060-BARRET-2SR
3687-5060-BARRET-SR,3687-5060-BARRET-3SR,3,329990.00,0,0,0,0,3687,Single Family,0,5,5.5,,BARRETT SLAB,3687-5060-BARRET-3SR
3736-5255-MARTIN-2BL,3736-5255-MARTIN-2BL,2,337990.00,0,0,0,0,3736,Single Family,0,,4.5,,MARTIN BASEMENT,3736-5255-MARTIN-2BL
3736-5255-MARTIN-3BL,3736-5255-MARTIN-3BL,3,379990.00,0,0,0,0,3736,Single Family,0,,4.5,,MARTIN BASEMENT,3736-5255-MARTIN-3BL
3736-5255-MARTIN-BL,3736-5255-MARTIN-1BL,1,339990.00,0,0,0,0,3736,Single Family,0,,4.5,,MARTIN BASEMENT,3736-5255-MARTIN-BL
3736-5255-MARTIN-SL,3736-5255-MARTIN-1SL,1,294990.00,0,0,0,0,3736,Single Family,0,,4.5,,MARTIN SLAB,3736-5255-MARTIN-SL
3736-5255-MARTIN-SL,3736-5255-MARTIN-2SL,2,292990.00,0,0,0,0,3736,Single Family,0,0,4.5,,MARTIN SLAB,3736-5255-MARTIN-2SL
3736-5255-MARTIN-SL,3736-5255-MARTIN-3SL,3,334990.00,0,0,0,0,3736,Single Family,0,0,4.5,,MARTIN SLAB,3736-5255-MARTIN-3SL
3743-5258-JACKMD-BR,3743-5258-JACKMD-2BR,2,338990.00,0,0,0,0,3743,Single Family,0,4,4,,JACKSON W/ MEDIA BASEMENT,3743-5258-JACKMD-2BR
3743-5258-JACKMD-BR,3743-5258-JACKMD-3BR,3,373990.00,0,0,0,0,3743,Single Family,0,4,4,,JACKSON W/ MEDIA BASEMENT,3743-5258-JACKMD-3BR
3743-5258-JACKMD-BR,3743-5258-JACKMD-1BR,1,338990.00,0,0,0,0,3743,Single Family,0,4,4,,JACKSON W/ MEDIA BASEMENT,3743-5258-JACKMD-BR
3743-5258-JACKMD-SR,3743-5258-JACKMD-1SR,1,293990.00,0,0,0,0,3743,Single Family,0,4,4,,JACKSON W/ MEDIA SLAB,3743-5258-JACKMD-SR
3743-5258-JACKMD-SR,3743-5258-JACKMD-2SR,2,295990.00,0,0,0,0,3743,Single Family,0,4,4,,JACKSON W/ MEDIA SLAB,3743-5258-JACKMD-2SR
3743-5258-JACKMD-SR,3743-5258-JACKMD-3SR,3,328990.00,0,0,0,0,3743,Single Family,0,4,4,,JACKSON W/ MEDIA SLAB,3743-5258-JACKMD-3SR
3743-5258-JACKSO-BR,3743-5258-JACKSO-2BR,2,333990.00,0,0,0,0,3743,Single Family,0,5,5,,JACKSON BASEMENT,3743-5258-JACKSO-2BR
3743-5258-JACKSO-BR,3743-5258-JACKSO-3BR,3,371990.00,0,0,0,0,3743,Single Family,0,5,5,,JACKSON BASEMENT,3743-5258-JACKSO-3BR
3743-5258-JACKSO-BR,3743-5258-JACKSO-1BR,1,339990.00,0,0,0,0,3743,Single Family,0,5,5,,JACKSON BASEMENT,3743-5258-JACKSO-BR
3743-5258-JACKSO-SR,3743-5258-JACKSO-1SR,1,294990.00,0,0,0,0,3743,Single Family,0,5,5,,JACKSON SLAB,3743-5258-JACKSO-SR
3743-5258-JACKSO-SR,3743-5258-JACKSO-2SR,2,293990.00,0,0,0,0,3743,Single Family,0,5,5,,JACKSON SLAB,3743-5258-JACKSO-2SR
3743-5258-JACKSO-SR,3743-5258-JACKSO-3SR,3,326990.00,0,0,0,0,3743,Single Family,0,5,5,,JACKSON SLAB,3743-5258-JACKSO-3SR
3840-5260-COLE10-BL,3840-5260-COLE10-3BL,3,564990.00,0,0,0,0,3840,Single Family,0,5,5.5,,COLEMAN 10 FT BASEMENT,3840-5260-COLE10-BL
3840-5260-COLE10-SL,3840-5260-COLE10-3SL,3,524990.00,0,0,0,0,3840,Single Family,0,5,5.5,,COLEMAN 10 FT SLAB,3840-5260-COLE10-SL
3872-5260-COLE10-SR,3872-5260-COLE10-3SR,3,275990.00,0,0,0,0,3872,Single Family,0,5,5.5,,COLEMAN 10' SLAB,3872-5260-COLE10-SR
3872-5260-COLEMA-BR,3872-5260-COLEMA-1BR,1,347990.00,0,0,0,0,3872,Single Family,0,5,5.5,,COLEMAN BASEMENT,3872-5260-COLEMA-BR
3872-5260-COLEMA-BR,3872-5260-COLEMA-2BR,2,345990.00,0,0,0,0,3872,Single Family,0,5,5.5,,COLEMAN BASEMENT,3872-5260-COLEMA-2BR
3872-5260-COLEMA-BR,3872-5260-COLEMA-3BR,3,469990.00,0,0,0,0,3872,Single Family,0,5,5.5,,COLEMAN BASEMENT,3872-5260-COLEMA-3BR
3872-5260-COLEMA-SR,3872-5260-COLEMA-2SR,2,300990.00,0,0,0,0,3872,Single Family,0,5,5.5,,COLEMAN SLAB,3872-5260-COLEMA-2SR
3872-5260-COLEMA-SR,3872-5260-COLEMA-3SR,3,295990.00,0,0,0,0,3872,Single Family,0,5,5.5,,COLEMAN SLAB,3872-5260-COLEMA-3SR
3872-5260-COLEMA-SR,3872-5260-COLEMA-1SR,1,302990.00,0,0,0,0,3872,Single Family,0,5,5.5,,COLEMAN SLAB,3872-5260-COLEMA-SR
4018-5467-MANCHE-2BL,4018-5467-MANCHE-2BL,2,0.00,0,0,0,0,4018,Single Family,0,4,3.5,,MANCHESTER BASEMENT,4018-5467-MANCHE-2BL
4018-5467-MANCHE-3BL,4018-5467-MANCHE-3BL,3,534990.00,0,0,0,0,4018,Single Family,0,4,3.5,,MANCHESTER BASEMENT,4018-5467-MANCHE-3BL
4018-5467-MANCHE-BL,4018-5467-MANCHE-1BL,1,0.00,0,0,0,0,4018,Single Family,0,4,3.5,,MANCHESTER BASEMENT,4018-5467-MANCHE-BL
4018-5467-MANCHE-SL,4018-5467-MANCHE-1SL,1,0.00,0,0,0,0,4018,Single Family,0,4,3.5,,MANCHESTER SLAB,4018-5467-MANCHE-SL
4018-5467-MANCHE-SL,4018-5467-MANCHE-2SL,2,0.00,0,0,0,0,4018,Single Family,0,4,3.5,,MANCHESTER SLAB,4018-5467-MANCHE-2SL
4018-5467-MANCHE-SL,4018-5467-MANCHE-3SL,3,493990.00,0,0,0,0,4018,Single Family,0,4,3.5,,MANCHESTER SLAB,4018-5467-MANCHE-3SL
4360-5054-STERL3-BR,4360-5054-STERL3-2BR,2,337990.00,0,0,0,0,4360,Single Family,0,0,5,,STERLING 3-STORY BASEMENT,4360-5054-STERL3-2BR
4360-5054-STERL3-BR,4360-5054-STERL3-3BR,3,385990.00,0,0,0,0,4360,Single Family,0,0,5,,STERLING 3-STORY BASEMENT,4360-5054-STERL3-3BR
4360-5054-STERL3-BR,4360-5054-STERL3-1BR,1,359990.00,0,0,0,0,4360,Single Family,0,,5,,STERLING 3-STORY BASEMENT,4360-5054-STERL3-BR
4360-5054-STERL3-SR,4360-5054-STERL3-1SR,1,314990.00,0,0,0,0,4360,Single Family,0,,5,,STERLING 3-STORY SLAB,4360-5054-STERL3-SR
4360-5054-STERL3-SR,4360-5054-STERL3-2SR,2,313990.00,0,0,0,0,4360,Single Family,0,0,5,,STERLING 3-STORY SLAB,4360-5054-STERL3-2SR
4360-5054-STERL3-SR,4360-5054-STERL3-3SR,3,343990.00,0,0,0,0,4360,Single Family,0,0,5,,STERLING 3-STORY SLAB,4360-5054-STERL3-3SR
