Plan No,Option Number,Option Description,Building Phase,Product,Qty.,Unit,Description
5471-2044-TOWNS-2BL,2DC0904KITCHEN-0110,APPLIANCES - KITCHEN - LEVEL A Electric,5510-APPLIANCES 1ST,30555100570,1,EA,APPLIANCES (COOKTOP;OVEN;RANGE;DW;MICROWAVE) - P.O. Stainless Steel Dishwasher Level Standard
5471-2044-TOWNS-2BL,2DC0904KITCHEN-0110,APPLIANCES - KITCHEN - LEVEL A Electric,5510-APPLIANCES 1ST,30555100580,-1,EA,APPLIANCES (COOKTOP;OVEN;RANGE;DW;MICROWAVE) - P.O. Dishwasher Level Designer
5471-2044-TOWNS-2BL,2DC0904KITCHEN-0110,APPLIANCES - KITCHEN - LEVEL A Electric,1.6-Containers/Calculations,APDW_S2,-1,EA,Series 2 Dishwasher Container
5471-2044-TOWNS-2BL,2DC0904KITCHEN-0120,APPLIANCES - KITCHEN - LEVEL A Gas,5510-APPLIANCES 1ST,30555100900,1,EA,APPLIANCES (COOKTOP;OVEN;RANGE;DW;MICROWAVE) - P.O. Stainless Steel Microwave Level Standard
5471-2044-TOWNS-2BL,2DC0904KITCHEN-0120,APPLIANCES - KITCHEN - LEVEL A Gas,5510-APPLIANCES 1ST,30555100580,-1,EA,APPLIANCES (COOKTOP;OVEN;RANGE;DW;MICROWAVE) - P.O. Dishwasher Level Designer
5471-2044-TOWNS-2BL,2DC0904KITCHEN-0120,APPLIANCES - KITCHEN - LEVEL A Gas,1.6-Containers/Calculations,APDW_S2,-1,EA,Series 2 Dishwasher Container
5471-2044-TOWNS-2BL,2DC0904KITCHEN-0140,APPLIANCES - KITCHEN - LEVEL B Electric,5510-APPLIANCES 1ST,30555100920,-1,EA,APPLIANCES (COOKTOP;OVEN;RANGE;DW;MICROWAVE) - P.O. Microwave Level Designer
5471-2044-TOWNS-2BL,2DC0904KITCHEN-0170,APPLIANCES - KITCHEN - LEVEL B Gas,5510-APPLIANCES 1ST,30555100920,-1,EA,APPLIANCES (COOKTOP;OVEN;RANGE;DW;MICROWAVE) - P.O. Microwave Level Designer
5471-2044-TOWNS-2BL,BASE0100,Base House,3840-HVAC BLOWER DR,30438400100,1,EA,HVAC - BLOWER DOOR TEST - Duct Blaster Test and Report per Home
5471-2044-TOWNS-2BL,BASE0100,Base House,6014-PRESSURE WASH,30660140100,1,EA,PRESSURE WASH - P.O. Labor and Materials to Pressure Wash Garage and Exterior Concrete per Home
5471-2044-TOWNS-2BL,BASE0100,Base House,6020-EXT CLEAN DRAW1,30660200100,1,EA,EXTERIOR CLEAN TURNKEY - P.O. Labor and Equipment to Remove Site Trash and Debris - Draw 1
5471-2044-TOWNS-2BL,BASE0100,Base House,6036-PUNCHOUT,30660360120,1,EA,PUNCHOUT - Fee Punchout Expenses
5471-2044-TOWNS-2BL,BASE0100,Base House,6220-EXT CONC LABOR,30662200180,10,TON,EXTERIOR CONCRETE LABOR OR TURNKEY - Labor; Equipment; and Material to Supply and Place Gravel Base by the Ton
5471-2044-TOWNS-2BL,BASE0100,Base House,6220-EXT CONC LABOR,30662200120,500,SF,EXTERIOR CONCRETE LABOR OR TURNKEY - Labor; Equipment; Form Material; and Expansion Joint to Install Driveway Apron by the Square Foot
